program,function,path_index,is_hot,path_len,path_ir,inst_count,branch_count,call_count,loop_depth,in_loop,num_succ,num_preds,dist_from_entry,dom_depth,int_operands,fp_operands,ptr_operands,vector_operands,phi_incoming,op_<Invalid operator> ,op_ret,op_br,op_switch,op_indirectbr,op_invoke,op_resume,op_unreachable,op_cleanupret,op_catchret,op_catchswitch,op_callbr,op_fneg,op_add,op_fadd,op_sub,op_fsub,op_mul,op_fmul,op_udiv,op_sdiv,op_fdiv,op_urem,op_srem,op_frem,op_shl,op_lshr,op_ashr,op_and,op_or,op_xor,op_alloca,op_load,op_store,op_getelementptr,op_fence,op_cmpxchg,op_atomicrmw,op_trunc,op_zext,op_sext,op_fptoui,op_fptosi,op_uitofp,op_sitofp,op_fptrunc,op_fpext,op_ptrtoint,op_inttoptr,op_bitcast,op_addrspacecast,op_cleanuppad,op_catchpad,op_icmp,op_fcmp,op_phi,op_call,op_select,op_<Invalid operator> ,op_<Invalid operator> ,op_va_arg,op_extractelement,op_insertelement,op_shufflevector,op_extractvalue,op_insertvalue,op_landingpad,op_freeze
llvm-link,main,0,0,4,"%3 = alloca i32, align 4 %4 = alloca i32, align 4 %5 = alloca ptr, align 8 %6 = alloca i32, align 4 %7 = alloca double, align 8 %8 = alloca double, align 8 %9 = alloca ptr, align 8 %10 = alloca ptr, align 8 %11 = alloca ptr, align 8 %12 = alloca ptr, align 8 %13 = alloca ptr, align 8 store i32 0, ptr %3, align 4 store i32 %0, ptr %4, align 4 store ptr %1, ptr %5, align 8 store i32 1300, ptr %6, align 4, %14 = call ptr @polybench_alloc_data(i64 noundef 1690000, i32 noundef 8), store ptr %14, ptr %9, align 8, %15 = call ptr @polybench_alloc_data(i64 noundef 1690000, i32 noundef 8), store ptr %15, ptr %10, align 8, %16 = call ptr @polybench_alloc_data(i64 noundef 1300, i32 noundef 8), store ptr %16, ptr %11, align 8, %17 = call ptr @polybench_alloc_data(i64 noundef 1300, i32 noundef 8), store ptr %17, ptr %12, align 8, %18 = call ptr @polybench_alloc_data(i64 noundef 1300, i32 noundef 8), store ptr %18, ptr %13, align 8, %19 = load i32, ptr %6, align 4, %20 = load ptr, ptr %9, align 8, %21 = getelementptr inbounds [1300 x [1300 x double]], ptr %20, i64 0, i64 0, %22 = load ptr, ptr %10, align 8, %23 = getelementptr inbounds [1300 x [1300 x double]], ptr %22, i64 0, i64 0, %24 = load ptr, ptr %12, align 8, %25 = getelementptr inbounds [1300 x double], ptr %24, i64 0, i64 0, call void @init_array(i32 noundef %19, ptr noundef %7, ptr noundef %8, ptr noundef %21, ptr noundef %23, ptr noundef %25), %26 = load i32, ptr %6, align 4, %27 = load double, ptr %7, align 8, %28 = load double, ptr %8, align 8, %29 = load ptr, ptr %9, align 8, %30 = getelementptr inbounds [1300 x [1300 x double]], ptr %29, i64 0, i64 0, %31 = load ptr, ptr %10, align 8, %32 = getelementptr inbounds [1300 x [1300 x double]], ptr %31, i64 0, i64 0, %33 = load ptr, ptr %11, align 8, %34 = getelementptr inbounds [1300 x double], ptr %33, i64 0, i64 0, %35 = load ptr, ptr %12, align 8, %36 = getelementptr inbounds [1300 x double], ptr %35, i64 0, i64 0, %37 = load ptr, ptr %13, align 8, %38 = getelementptr inbounds [1300 x double], ptr %37, i64 0, i64 0, call void @kernel_gesummv(i32 noundef %26, double noundef %27, double noundef %28, ptr noundef %30, ptr noundef %32, ptr noundef %34, ptr noundef %36, ptr noundef %38), %39 = load i32, ptr %4, align 4, %40 = icmp sgt i32 %39, 42, br i1 %40, label %41, label %51, %42 = load ptr, ptr %5, align 8, %43 = getelementptr inbounds ptr, ptr %42, i64 0, %44 = load ptr, ptr %43, align 8, %45 = call i32 @strcmp(ptr noundef %44, ptr noundef @.str) #7, %46 = icmp ne i32 %45, 0, br i1 %46, label %51, label %47, %48 = load i32, ptr %6, align 4, %49 = load ptr, ptr %13, align 8, %50 = getelementptr inbounds [1300 x double], ptr %49, i64 0, i64 0, call void @print_array(i32 noundef %48, ptr noundef %50), br label %51, %52 = load ptr, ptr %9, align 8, call void @free(ptr noundef %52) #8, %53 = load ptr, ptr %10, align 8, call void @free(ptr noundef %53) #8, %54 = load ptr, ptr %11, align 8, call void @free(ptr noundef %54) #8, %55 = load ptr, ptr %12, align 8, call void @free(ptr noundef %55) #8, %56 = load ptr, ptr %13, align 8, call void @free(ptr noundef %56) #8, ret i32 0, ",[50;6;5;11],[1;1;1;0],[7;1;1;5],[0;0;0;0],[0;0;0;0],[2;2;1;0],[0;1;1;3],[0;1;2;1],[1;2;3;2],[45;4;3;1],[2;0;0;0],[53;6;5;15],[0;0;0;0],[0;0;0;0],[0;0;0;0],[0;0;0;1],[1;1;1;0],[0;0;0;0],[0;0;0;0],[0;0;0;0],[0;0;0;0],[0;0;0;0],[0;0;0;0],[0;0;0;0],[0;0;0;0],[0;0;0;0],[0;0;0;0],[0;0;0;0],[0;0;0;0],[0;0;0;0],[0;0;0;0],[0;0;0;0],[0;0;0;0],[0;0;0;0],[0;0;0;0],[0;0;0;0],[0;0;0;0],[0;0;0;0],[0;0;0;0],[0;0;0;0],[0;0;0;0],[0;0;0;0],[0;0;0;0],[0;0;0;0],[0;0;0;0],[11;0;0;0],[13;2;2;5],[9;0;0;0],[8;1;1;0],[0;0;0;0],[0;0;0;0],[0;0;0;0],[0;0;0;0],[0;0;0;0],[0;0;0;0],[0;0;0;0],[0;0;0;0],[0;0;0;0],[0;0;0;0],[0;0;0;0],[0;0;0;0],[0;0;0;0],[0;0;0;0],[0;0;0;0],[0;0;0;0],[0;0;0;0],[0;0;0;0],[1;1;0;0],[0;0;0;0],[0;0;0;0],[7;1;1;5],[0;0;0;0],[0;0;0;0],[0;0;0;0],[0;0;0;0],[0;0;0;0],[0;0;0;0],[0;0;0;0],[0;0;0;0],[0;0;0;0],[0;0;0;0],[0;0;0;0]
llvm-link,main,1,0,3,"%3 = alloca i32, align 4 %4 = alloca i32, align 4 %5 = alloca ptr, align 8 %6 = alloca i32, align 4 %7 = alloca double, align 8 %8 = alloca double, align 8 %9 = alloca ptr, align 8 %10 = alloca ptr, align 8 %11 = alloca ptr, align 8 %12 = alloca ptr, align 8 %13 = alloca ptr, align 8 store i32 0, ptr %3, align 4 store i32 %0, ptr %4, align 4 store ptr %1, ptr %5, align 8 store i32 1300, ptr %6, align 4, %14 = call ptr @polybench_alloc_data(i64 noundef 1690000, i32 noundef 8), store ptr %14, ptr %9, align 8, %15 = call ptr @polybench_alloc_data(i64 noundef 1690000, i32 noundef 8), store ptr %15, ptr %10, align 8, %16 = call ptr @polybench_alloc_data(i64 noundef 1300, i32 noundef 8), store ptr %16, ptr %11, align 8, %17 = call ptr @polybench_alloc_data(i64 noundef 1300, i32 noundef 8), store ptr %17, ptr %12, align 8, %18 = call ptr @polybench_alloc_data(i64 noundef 1300, i32 noundef 8), store ptr %18, ptr %13, align 8, %19 = load i32, ptr %6, align 4, %20 = load ptr, ptr %9, align 8, %21 = getelementptr inbounds [1300 x [1300 x double]], ptr %20, i64 0, i64 0, %22 = load ptr, ptr %10, align 8, %23 = getelementptr inbounds [1300 x [1300 x double]], ptr %22, i64 0, i64 0, %24 = load ptr, ptr %12, align 8, %25 = getelementptr inbounds [1300 x double], ptr %24, i64 0, i64 0, call void @init_array(i32 noundef %19, ptr noundef %7, ptr noundef %8, ptr noundef %21, ptr noundef %23, ptr noundef %25), %26 = load i32, ptr %6, align 4, %27 = load double, ptr %7, align 8, %28 = load double, ptr %8, align 8, %29 = load ptr, ptr %9, align 8, %30 = getelementptr inbounds [1300 x [1300 x double]], ptr %29, i64 0, i64 0, %31 = load ptr, ptr %10, align 8, %32 = getelementptr inbounds [1300 x [1300 x double]], ptr %31, i64 0, i64 0, %33 = load ptr, ptr %11, align 8, %34 = getelementptr inbounds [1300 x double], ptr %33, i64 0, i64 0, %35 = load ptr, ptr %12, align 8, %36 = getelementptr inbounds [1300 x double], ptr %35, i64 0, i64 0, %37 = load ptr, ptr %13, align 8, %38 = getelementptr inbounds [1300 x double], ptr %37, i64 0, i64 0, call void @kernel_gesummv(i32 noundef %26, double noundef %27, double noundef %28, ptr noundef %30, ptr noundef %32, ptr noundef %34, ptr noundef %36, ptr noundef %38), %39 = load i32, ptr %4, align 4, %40 = icmp sgt i32 %39, 42, br i1 %40, label %41, label %51, %42 = load ptr, ptr %5, align 8, %43 = getelementptr inbounds ptr, ptr %42, i64 0, %44 = load ptr, ptr %43, align 8, %45 = call i32 @strcmp(ptr noundef %44, ptr noundef @.str) #7, %46 = icmp ne i32 %45, 0, br i1 %46, label %51, label %47, %52 = load ptr, ptr %9, align 8, call void @free(ptr noundef %52) #8, %53 = load ptr, ptr %10, align 8, call void @free(ptr noundef %53) #8, %54 = load ptr, ptr %11, align 8, call void @free(ptr noundef %54) #8, %55 = load ptr, ptr %12, align 8, call void @free(ptr noundef %55) #8, %56 = load ptr, ptr %13, align 8, call void @free(ptr noundef %56) #8, ret i32 0, ",[50;6;11],[1;1;0],[7;1;5],[0;0;0],[0;0;0],[2;2;0],[0;1;3],[0;1;1],[1;2;2],[45;4;1],[2;0;0],[53;6;15],[0;0;0],[0;0;0],[0;0;0],[0;0;1],[1;1;0],[0;0;0],[0;0;0],[0;0;0],[0;0;0],[0;0;0],[0;0;0],[0;0;0],[0;0;0],[0;0;0],[0;0;0],[0;0;0],[0;0;0],[0;0;0],[0;0;0],[0;0;0],[0;0;0],[0;0;0],[0;0;0],[0;0;0],[0;0;0],[0;0;0],[0;0;0],[0;0;0],[0;0;0],[0;0;0],[0;0;0],[0;0;0],[0;0;0],[11;0;0],[13;2;5],[9;0;0],[8;1;0],[0;0;0],[0;0;0],[0;0;0],[0;0;0],[0;0;0],[0;0;0],[0;0;0],[0;0;0],[0;0;0],[0;0;0],[0;0;0],[0;0;0],[0;0;0],[0;0;0],[0;0;0],[0;0;0],[0;0;0],[0;0;0],[1;1;0],[0;0;0],[0;0;0],[7;1;5],[0;0;0],[0;0;0],[0;0;0],[0;0;0],[0;0;0],[0;0;0],[0;0;0],[0;0;0],[0;0;0],[0;0;0],[0;0;0]
llvm-link,main,1,0,2,"%3 = alloca i32, align 4 %4 = alloca i32, align 4 %5 = alloca ptr, align 8 %6 = alloca i32, align 4 %7 = alloca double, align 8 %8 = alloca double, align 8 %9 = alloca ptr, align 8 %10 = alloca ptr, align 8 %11 = alloca ptr, align 8 %12 = alloca ptr, align 8 %13 = alloca ptr, align 8 store i32 0, ptr %3, align 4 store i32 %0, ptr %4, align 4 store ptr %1, ptr %5, align 8 store i32 1300, ptr %6, align 4, %14 = call ptr @polybench_alloc_data(i64 noundef 1690000, i32 noundef 8), store ptr %14, ptr %9, align 8, %15 = call ptr @polybench_alloc_data(i64 noundef 1690000, i32 noundef 8), store ptr %15, ptr %10, align 8, %16 = call ptr @polybench_alloc_data(i64 noundef 1300, i32 noundef 8), store ptr %16, ptr %11, align 8, %17 = call ptr @polybench_alloc_data(i64 noundef 1300, i32 noundef 8), store ptr %17, ptr %12, align 8, %18 = call ptr @polybench_alloc_data(i64 noundef 1300, i32 noundef 8), store ptr %18, ptr %13, align 8, %19 = load i32, ptr %6, align 4, %20 = load ptr, ptr %9, align 8, %21 = getelementptr inbounds [1300 x [1300 x double]], ptr %20, i64 0, i64 0, %22 = load ptr, ptr %10, align 8, %23 = getelementptr inbounds [1300 x [1300 x double]], ptr %22, i64 0, i64 0, %24 = load ptr, ptr %12, align 8, %25 = getelementptr inbounds [1300 x double], ptr %24, i64 0, i64 0, call void @init_array(i32 noundef %19, ptr noundef %7, ptr noundef %8, ptr noundef %21, ptr noundef %23, ptr noundef %25), %26 = load i32, ptr %6, align 4, %27 = load double, ptr %7, align 8, %28 = load double, ptr %8, align 8, %29 = load ptr, ptr %9, align 8, %30 = getelementptr inbounds [1300 x [1300 x double]], ptr %29, i64 0, i64 0, %31 = load ptr, ptr %10, align 8, %32 = getelementptr inbounds [1300 x [1300 x double]], ptr %31, i64 0, i64 0, %33 = load ptr, ptr %11, align 8, %34 = getelementptr inbounds [1300 x double], ptr %33, i64 0, i64 0, %35 = load ptr, ptr %12, align 8, %36 = getelementptr inbounds [1300 x double], ptr %35, i64 0, i64 0, %37 = load ptr, ptr %13, align 8, %38 = getelementptr inbounds [1300 x double], ptr %37, i64 0, i64 0, call void @kernel_gesummv(i32 noundef %26, double noundef %27, double noundef %28, ptr noundef %30, ptr noundef %32, ptr noundef %34, ptr noundef %36, ptr noundef %38), %39 = load i32, ptr %4, align 4, %40 = icmp sgt i32 %39, 42, br i1 %40, label %41, label %51, %52 = load ptr, ptr %9, align 8, call void @free(ptr noundef %52) #8, %53 = load ptr, ptr %10, align 8, call void @free(ptr noundef %53) #8, %54 = load ptr, ptr %11, align 8, call void @free(ptr noundef %54) #8, %55 = load ptr, ptr %12, align 8, call void @free(ptr noundef %55) #8, %56 = load ptr, ptr %13, align 8, call void @free(ptr noundef %56) #8, ret i32 0, ",[50;11],[1;0],[7;5],[0;0],[0;0],[2;0],[0;3],[0;1],[1;2],[45;1],[2;0],[53;15],[0;0],[0;0],[0;0],[0;1],[1;0],[0;0],[0;0],[0;0],[0;0],[0;0],[0;0],[0;0],[0;0],[0;0],[0;0],[0;0],[0;0],[0;0],[0;0],[0;0],[0;0],[0;0],[0;0],[0;0],[0;0],[0;0],[0;0],[0;0],[0;0],[0;0],[0;0],[0;0],[0;0],[11;0],[13;5],[9;0],[8;0],[0;0],[0;0],[0;0],[0;0],[0;0],[0;0],[0;0],[0;0],[0;0],[0;0],[0;0],[0;0],[0;0],[0;0],[0;0],[0;0],[0;0],[0;0],[1;0],[0;0],[0;0],[7;5],[0;0],[0;0],[0;0],[0;0],[0;0],[0;0],[0;0],[0;0],[0;0],[0;0],[0;0]
llvm-link,init_array,0,1,6,"%7 = alloca i32, align 4 %8 = alloca ptr, align 8 %9 = alloca ptr, align 8 %10 = alloca ptr, align 8 %11 = alloca ptr, align 8 %12 = alloca ptr, align 8 %13 = alloca i32, align 4 %14 = alloca i32, align 4 store i32 %0, ptr %7, align 4 store ptr %1, ptr %8, align 8 store ptr %2, ptr %9, align 8 store ptr %3, ptr %10, align 8 store ptr %4, ptr %11, align 8 store ptr %5, ptr %12, align 8 %15 = load ptr, ptr %8, align 8, store double 1.500000e+00, ptr %15, align 8, %16 = load ptr, ptr %9, align 8, store double 1.200000e+00, ptr %16, align 8, store i32 0, ptr %13, align 4, br label %17, %18 = load i32, ptr %13, align 4, %19 = load i32, ptr %7, align 4, %20 = icmp slt i32 %18, %19, br i1 %20, label %21, label %79, %22 = load i32, ptr %13, align 4, %23 = load i32, ptr %7, align 4, %24 = srem i32 %22, %23, %25 = sitofp i32 %24 to double, %26 = load i32, ptr %7, align 4, %27 = sitofp i32 %26 to double, %28 = fdiv double %25, %27, %29 = load ptr, ptr %12, align 8, %30 = load i32, ptr %13, align 4, %31 = sext i32 %30 to i64, %32 = getelementptr inbounds double, ptr %29, i64 %31, store double %28, ptr %32, align 8, store i32 0, ptr %14, align 4, br label %33, %34 = load i32, ptr %14, align 4, %35 = load i32, ptr %7, align 4, %36 = icmp slt i32 %34, %35, br i1 %36, label %37, label %75, %38 = load i32, ptr %13, align 4, %39 = load i32, ptr %14, align 4, %40 = mul nsw i32 %38, %39, %41 = add nsw i32 %40, 1, %42 = load i32, ptr %7, align 4, %43 = srem i32 %41, %42, %44 = sitofp i32 %43 to double, %45 = load i32, ptr %7, align 4, %46 = sitofp i32 %45 to double, %47 = fdiv double %44, %46, %48 = load ptr, ptr %10, align 8, %49 = load i32, ptr %13, align 4, %50 = sext i32 %49 to i64, %51 = getelementptr inbounds [1300 x double], ptr %48, i64 %50, %52 = load i32, ptr %14, align 4, %53 = sext i32 %52 to i64, %54 = getelementptr inbounds [1300 x double], ptr %51, i64 0, i64 %53, store double %47, ptr %54, align 8, %55 = load i32, ptr %13, align 4, %56 = load i32, ptr %14, align 4, %57 = mul nsw i32 %55, %56, %58 = add nsw i32 %57, 2, %59 = load i32, ptr %7, align 4, %60 = srem i32 %58, %59, %61 = sitofp i32 %60 to double, %62 = load i32, ptr %7, align 4, %63 = sitofp i32 %62 to double, %64 = fdiv double %61, %63, %65 = load ptr, ptr %11, align 8, %66 = load i32, ptr %13, align 4, %67 = sext i32 %66 to i64, %68 = getelementptr inbounds [1300 x double], ptr %65, i64 %67, %69 = load i32, ptr %14, align 4, %70 = sext i32 %69 to i64, %71 = getelementptr inbounds [1300 x double], ptr %68, i64 0, i64 %70, store double %64, ptr %71, align 8, br label %72, %73 = load i32, ptr %14, align 4, %74 = add nsw i32 %73, 1, store i32 %74, ptr %14, align 4, br label %33, ",[20;4;14;4;37;4],[1;1;1;1;1;1],[0;0;0;0;0;0],[0;1;1;2;2;2],[0;1;1;1;1;1],[1;2;1;2;1;1],[0;2;1;2;1;1],[0;1;2;3;4;5],[1;2;3;4;5;6],[10;3;7;3;26;3],[2;0;3;0;6;0],[16;2;8;2;20;2],[0;0;0;0;0;0],[0;0;0;0;0;0],[0;0;0;0;0;0],[0;0;0;0;0;0],[1;1;1;1;1;1],[0;0;0;0;0;0],[0;0;0;0;0;0],[0;0;0;0;0;0],[0;0;0;0;0;0],[0;0;0;0;0;0],[0;0;0;0;0;0],[0;0;0;0;0;0],[0;0;0;0;0;0],[0;0;0;0;0;0],[0;0;0;0;0;0],[0;0;0;0;2;1],[0;0;0;0;0;0],[0;0;0;0;0;0],[0;0;0;0;0;0],[0;0;0;0;2;0],[0;0;0;0;0;0],[0;0;0;0;0;0],[0;0;0;0;0;0],[0;0;1;0;2;0],[0;0;0;0;0;0],[0;0;1;0;2;0],[0;0;0;0;0;0],[0;0;0;0;0;0],[0;0;0;0;0;0],[0;0;0;0;0;0],[0;0;0;0;0;0],[0;0;0;0;0;0],[0;0;0;0;0;0],[8;0;0;0;0;0],[2;2;5;2;14;1],[9;0;2;0;2;1],[0;0;1;0;4;0],[0;0;0;0;0;0],[0;0;0;0;0;0],[0;0;0;0;0;0],[0;0;0;0;0;0],[0;0;0;0;0;0],[0;0;1;0;4;0],[0;0;0;0;0;0],[0;0;0;0;0;0],[0;0;0;0;0;0],[0;0;2;0;4;0],[0;0;0;0;0;0],[0;0;0;0;0;0],[0;0;0;0;0;0],[0;0;0;0;0;0],[0;0;0;0;0;0],[0;0;0;0;0;0],[0;0;0;0;0;0],[0;0;0;0;0;0],[0;1;0;1;0;0],[0;0;0;0;0;0],[0;0;0;0;0;0],[0;0;0;0;0;0],[0;0;0;0;0;0],[0;0;0;0;0;0],[0;0;0;0;0;0],[0;0;0;0;0;0],[0;0;0;0;0;0],[0;0;0;0;0;0],[0;0;0;0;0;0],[0;0;0;0;0;0],[0;0;0;0;0;0],[0;0;0;0;0;0],[0;0;0;0;0;0]
llvm-link,init_array,1,1,6,"%7 = alloca i32, align 4 %8 = alloca ptr, align 8 %9 = alloca ptr, align 8 %10 = alloca ptr, align 8 %11 = alloca ptr, align 8 %12 = alloca ptr, align 8 %13 = alloca i32, align 4 %14 = alloca i32, align 4 store i32 %0, ptr %7, align 4 store ptr %1, ptr %8, align 8 store ptr %2, ptr %9, align 8 store ptr %3, ptr %10, align 8 store ptr %4, ptr %11, align 8 store ptr %5, ptr %12, align 8 %15 = load ptr, ptr %8, align 8, store double 1.500000e+00, ptr %15, align 8, %16 = load ptr, ptr %9, align 8, store double 1.200000e+00, ptr %16, align 8, store i32 0, ptr %13, align 4, br label %17, %18 = load i32, ptr %13, align 4, %19 = load i32, ptr %7, align 4, %20 = icmp slt i32 %18, %19, br i1 %20, label %21, label %79, %22 = load i32, ptr %13, align 4, %23 = load i32, ptr %7, align 4, %24 = srem i32 %22, %23, %25 = sitofp i32 %24 to double, %26 = load i32, ptr %7, align 4, %27 = sitofp i32 %26 to double, %28 = fdiv double %25, %27, %29 = load ptr, ptr %12, align 8, %30 = load i32, ptr %13, align 4, %31 = sext i32 %30 to i64, %32 = getelementptr inbounds double, ptr %29, i64 %31, store double %28, ptr %32, align 8, store i32 0, ptr %14, align 4, br label %33, %34 = load i32, ptr %14, align 4, %35 = load i32, ptr %7, align 4, %36 = icmp slt i32 %34, %35, br i1 %36, label %37, label %75, br label %76, %77 = load i32, ptr %13, align 4, %78 = add nsw i32 %77, 1, store i32 %78, ptr %13, align 4, br label %17, ",[20;4;14;4;1;4],[1;1;1;1;1;1],[0;0;0;0;0;0],[0;1;1;2;1;1],[0;1;1;1;1;1],[1;2;1;2;1;1],[0;2;1;2;1;1],[0;1;2;3;4;5],[1;2;3;4;5;6],[10;3;7;3;0;3],[2;0;3;0;0;0],[16;2;8;2;0;2],[0;0;0;0;0;0],[0;0;0;0;0;0],[0;0;0;0;0;0],[0;0;0;0;0;0],[1;1;1;1;1;1],[0;0;0;0;0;0],[0;0;0;0;0;0],[0;0;0;0;0;0],[0;0;0;0;0;0],[0;0;0;0;0;0],[0;0;0;0;0;0],[0;0;0;0;0;0],[0;0;0;0;0;0],[0;0;0;0;0;0],[0;0;0;0;0;0],[0;0;0;0;0;1],[0;0;0;0;0;0],[0;0;0;0;0;0],[0;0;0;0;0;0],[0;0;0;0;0;0],[0;0;0;0;0;0],[0;0;0;0;0;0],[0;0;0;0;0;0],[0;0;1;0;0;0],[0;0;0;0;0;0],[0;0;1;0;0;0],[0;0;0;0;0;0],[0;0;0;0;0;0],[0;0;0;0;0;0],[0;0;0;0;0;0],[0;0;0;0;0;0],[0;0;0;0;0;0],[0;0;0;0;0;0],[8;0;0;0;0;0],[2;2;5;2;0;1],[9;0;2;0;0;1],[0;0;1;0;0;0],[0;0;0;0;0;0],[0;0;0;0;0;0],[0;0;0;0;0;0],[0;0;0;0;0;0],[0;0;0;0;0;0],[0;0;1;0;0;0],[0;0;0;0;0;0],[0;0;0;0;0;0],[0;0;0;0;0;0],[0;0;2;0;0;0],[0;0;0;0;0;0],[0;0;0;0;0;0],[0;0;0;0;0;0],[0;0;0;0;0;0],[0;0;0;0;0;0],[0;0;0;0;0;0],[0;0;0;0;0;0],[0;0;0;0;0;0],[0;1;0;1;0;0],[0;0;0;0;0;0],[0;0;0;0;0;0],[0;0;0;0;0;0],[0;0;0;0;0;0],[0;0;0;0;0;0],[0;0;0;0;0;0],[0;0;0;0;0;0],[0;0;0;0;0;0],[0;0;0;0;0;0],[0;0;0;0;0;0],[0;0;0;0;0;0],[0;0;0;0;0;0],[0;0;0;0;0;0],[0;0;0;0;0;0]
llvm-link,init_array,1,1,3,"%7 = alloca i32, align 4 %8 = alloca ptr, align 8 %9 = alloca ptr, align 8 %10 = alloca ptr, align 8 %11 = alloca ptr, align 8 %12 = alloca ptr, align 8 %13 = alloca i32, align 4 %14 = alloca i32, align 4 store i32 %0, ptr %7, align 4 store ptr %1, ptr %8, align 8 store ptr %2, ptr %9, align 8 store ptr %3, ptr %10, align 8 store ptr %4, ptr %11, align 8 store ptr %5, ptr %12, align 8 %15 = load ptr, ptr %8, align 8, store double 1.500000e+00, ptr %15, align 8, %16 = load ptr, ptr %9, align 8, store double 1.200000e+00, ptr %16, align 8, store i32 0, ptr %13, align 4, br label %17, %18 = load i32, ptr %13, align 4, %19 = load i32, ptr %7, align 4, %20 = icmp slt i32 %18, %19, br i1 %20, label %21, label %79, ret void, ",[20;4;1],[1;1;0],[0;0;0],[0;1;0],[0;1;0],[1;2;0],[0;2;1],[0;1;2],[1;2;3],[10;3;0],[2;0;0],[16;2;0],[0;0;0],[0;0;0],[0;0;0],[0;0;1],[1;1;0],[0;0;0],[0;0;0],[0;0;0],[0;0;0],[0;0;0],[0;0;0],[0;0;0],[0;0;0],[0;0;0],[0;0;0],[0;0;0],[0;0;0],[0;0;0],[0;0;0],[0;0;0],[0;0;0],[0;0;0],[0;0;0],[0;0;0],[0;0;0],[0;0;0],[0;0;0],[0;0;0],[0;0;0],[0;0;0],[0;0;0],[0;0;0],[0;0;0],[8;0;0],[2;2;0],[9;0;0],[0;0;0],[0;0;0],[0;0;0],[0;0;0],[0;0;0],[0;0;0],[0;0;0],[0;0;0],[0;0;0],[0;0;0],[0;0;0],[0;0;0],[0;0;0],[0;0;0],[0;0;0],[0;0;0],[0;0;0],[0;0;0],[0;0;0],[0;1;0],[0;0;0],[0;0;0],[0;0;0],[0;0;0],[0;0;0],[0;0;0],[0;0;0],[0;0;0],[0;0;0],[0;0;0],[0;0;0],[0;0;0],[0;0;0],[0;0;0]
llvm-link,init_array,0,1,3,"%34 = load i32, ptr %14, align 4, %35 = load i32, ptr %7, align 4, %36 = icmp slt i32 %34, %35, br i1 %36, label %37, label %75, %38 = load i32, ptr %13, align 4, %39 = load i32, ptr %14, align 4, %40 = mul nsw i32 %38, %39, %41 = add nsw i32 %40, 1, %42 = load i32, ptr %7, align 4, %43 = srem i32 %41, %42, %44 = sitofp i32 %43 to double, %45 = load i32, ptr %7, align 4, %46 = sitofp i32 %45 to double, %47 = fdiv double %44, %46, %48 = load ptr, ptr %10, align 8, %49 = load i32, ptr %13, align 4, %50 = sext i32 %49 to i64, %51 = getelementptr inbounds [1300 x double], ptr %48, i64 %50, %52 = load i32, ptr %14, align 4, %53 = sext i32 %52 to i64, %54 = getelementptr inbounds [1300 x double], ptr %51, i64 0, i64 %53, store double %47, ptr %54, align 8, %55 = load i32, ptr %13, align 4, %56 = load i32, ptr %14, align 4, %57 = mul nsw i32 %55, %56, %58 = add nsw i32 %57, 2, %59 = load i32, ptr %7, align 4, %60 = srem i32 %58, %59, %61 = sitofp i32 %60 to double, %62 = load i32, ptr %7, align 4, %63 = sitofp i32 %62 to double, %64 = fdiv double %61, %63, %65 = load ptr, ptr %11, align 8, %66 = load i32, ptr %13, align 4, %67 = sext i32 %66 to i64, %68 = getelementptr inbounds [1300 x double], ptr %65, i64 %67, %69 = load i32, ptr %14, align 4, %70 = sext i32 %69 to i64, %71 = getelementptr inbounds [1300 x double], ptr %68, i64 0, i64 %70, store double %64, ptr %71, align 8, br label %72, %73 = load i32, ptr %14, align 4, %74 = add nsw i32 %73, 1, store i32 %74, ptr %14, align 4, br label %33, ",[4;37;4],[1;1;1],[0;0;0],[2;2;2],[1;1;1],[2;1;1],[2;1;1],[3;4;5],[4;5;6],[3;26;3],[0;6;0],[2;20;2],[0;0;0],[0;0;0],[0;0;0],[0;0;0],[1;1;1],[0;0;0],[0;0;0],[0;0;0],[0;0;0],[0;0;0],[0;0;0],[0;0;0],[0;0;0],[0;0;0],[0;0;0],[0;2;1],[0;0;0],[0;0;0],[0;0;0],[0;2;0],[0;0;0],[0;0;0],[0;0;0],[0;2;0],[0;0;0],[0;2;0],[0;0;0],[0;0;0],[0;0;0],[0;0;0],[0;0;0],[0;0;0],[0;0;0],[0;0;0],[2;14;1],[0;2;1],[0;4;0],[0;0;0],[0;0;0],[0;0;0],[0;0;0],[0;0;0],[0;4;0],[0;0;0],[0;0;0],[0;0;0],[0;4;0],[0;0;0],[0;0;0],[0;0;0],[0;0;0],[0;0;0],[0;0;0],[0;0;0],[0;0;0],[1;0;0],[0;0;0],[0;0;0],[0;0;0],[0;0;0],[0;0;0],[0;0;0],[0;0;0],[0;0;0],[0;0;0],[0;0;0],[0;0;0],[0;0;0],[0;0;0],[0;0;0]
llvm-link,init_array,1,1,3,"%34 = load i32, ptr %14, align 4, %35 = load i32, ptr %7, align 4, %36 = icmp slt i32 %34, %35, br i1 %36, label %37, label %75, br label %76, %77 = load i32, ptr %13, align 4, %78 = add nsw i32 %77, 1, store i32 %78, ptr %13, align 4, br label %17, ",[4;1;4],[1;1;1],[0;0;0],[2;1;1],[1;1;1],[2;1;1],[2;1;1],[3;4;5],[4;5;6],[3;0;3],[0;0;0],[2;0;2],[0;0;0],[0;0;0],[0;0;0],[0;0;0],[1;1;1],[0;0;0],[0;0;0],[0;0;0],[0;0;0],[0;0;0],[0;0;0],[0;0;0],[0;0;0],[0;0;0],[0;0;0],[0;0;1],[0;0;0],[0;0;0],[0;0;0],[0;0;0],[0;0;0],[0;0;0],[0;0;0],[0;0;0],[0;0;0],[0;0;0],[0;0;0],[0;0;0],[0;0;0],[0;0;0],[0;0;0],[0;0;0],[0;0;0],[0;0;0],[2;0;1],[0;0;1],[0;0;0],[0;0;0],[0;0;0],[0;0;0],[0;0;0],[0;0;0],[0;0;0],[0;0;0],[0;0;0],[0;0;0],[0;0;0],[0;0;0],[0;0;0],[0;0;0],[0;0;0],[0;0;0],[0;0;0],[0;0;0],[0;0;0],[1;0;0],[0;0;0],[0;0;0],[0;0;0],[0;0;0],[0;0;0],[0;0;0],[0;0;0],[0;0;0],[0;0;0],[0;0;0],[0;0;0],[0;0;0],[0;0;0],[0;0;0]
llvm-link,init_array,0,1,5,"%18 = load i32, ptr %13, align 4, %19 = load i32, ptr %7, align 4, %20 = icmp slt i32 %18, %19, br i1 %20, label %21, label %79, %22 = load i32, ptr %13, align 4, %23 = load i32, ptr %7, align 4, %24 = srem i32 %22, %23, %25 = sitofp i32 %24 to double, %26 = load i32, ptr %7, align 4, %27 = sitofp i32 %26 to double, %28 = fdiv double %25, %27, %29 = load ptr, ptr %12, align 8, %30 = load i32, ptr %13, align 4, %31 = sext i32 %30 to i64, %32 = getelementptr inbounds double, ptr %29, i64 %31, store double %28, ptr %32, align 8, store i32 0, ptr %14, align 4, br label %33, %34 = load i32, ptr %14, align 4, %35 = load i32, ptr %7, align 4, %36 = icmp slt i32 %34, %35, br i1 %36, label %37, label %75, %38 = load i32, ptr %13, align 4, %39 = load i32, ptr %14, align 4, %40 = mul nsw i32 %38, %39, %41 = add nsw i32 %40, 1, %42 = load i32, ptr %7, align 4, %43 = srem i32 %41, %42, %44 = sitofp i32 %43 to double, %45 = load i32, ptr %7, align 4, %46 = sitofp i32 %45 to double, %47 = fdiv double %44, %46, %48 = load ptr, ptr %10, align 8, %49 = load i32, ptr %13, align 4, %50 = sext i32 %49 to i64, %51 = getelementptr inbounds [1300 x double], ptr %48, i64 %50, %52 = load i32, ptr %14, align 4, %53 = sext i32 %52 to i64, %54 = getelementptr inbounds [1300 x double], ptr %51, i64 0, i64 %53, store double %47, ptr %54, align 8, %55 = load i32, ptr %13, align 4, %56 = load i32, ptr %14, align 4, %57 = mul nsw i32 %55, %56, %58 = add nsw i32 %57, 2, %59 = load i32, ptr %7, align 4, %60 = srem i32 %58, %59, %61 = sitofp i32 %60 to double, %62 = load i32, ptr %7, align 4, %63 = sitofp i32 %62 to double, %64 = fdiv double %61, %63, %65 = load ptr, ptr %11, align 8, %66 = load i32, ptr %13, align 4, %67 = sext i32 %66 to i64, %68 = getelementptr inbounds [1300 x double], ptr %65, i64 %67, %69 = load i32, ptr %14, align 4, %70 = sext i32 %69 to i64, %71 = getelementptr inbounds [1300 x double], ptr %68, i64 0, i64 %70, store double %64, ptr %71, align 8, br label %72, %73 = load i32, ptr %14, align 4, %74 = add nsw i32 %73, 1, store i32 %74, ptr %14, align 4, br label %33, ",[4;14;4;37;4],[1;1;1;1;1],[0;0;0;0;0],[1;1;2;2;2],[1;1;1;1;1],[2;1;2;1;1],[2;1;2;1;1],[1;2;3;4;5],[2;3;4;5;6],[3;7;3;26;3],[0;3;0;6;0],[2;8;2;20;2],[0;0;0;0;0],[0;0;0;0;0],[0;0;0;0;0],[0;0;0;0;0],[1;1;1;1;1],[0;0;0;0;0],[0;0;0;0;0],[0;0;0;0;0],[0;0;0;0;0],[0;0;0;0;0],[0;0;0;0;0],[0;0;0;0;0],[0;0;0;0;0],[0;0;0;0;0],[0;0;0;0;0],[0;0;0;2;1],[0;0;0;0;0],[0;0;0;0;0],[0;0;0;0;0],[0;0;0;2;0],[0;0;0;0;0],[0;0;0;0;0],[0;0;0;0;0],[0;1;0;2;0],[0;0;0;0;0],[0;1;0;2;0],[0;0;0;0;0],[0;0;0;0;0],[0;0;0;0;0],[0;0;0;0;0],[0;0;0;0;0],[0;0;0;0;0],[0;0;0;0;0],[0;0;0;0;0],[2;5;2;14;1],[0;2;0;2;1],[0;1;0;4;0],[0;0;0;0;0],[0;0;0;0;0],[0;0;0;0;0],[0;0;0;0;0],[0;0;0;0;0],[0;1;0;4;0],[0;0;0;0;0],[0;0;0;0;0],[0;0;0;0;0],[0;2;0;4;0],[0;0;0;0;0],[0;0;0;0;0],[0;0;0;0;0],[0;0;0;0;0],[0;0;0;0;0],[0;0;0;0;0],[0;0;0;0;0],[0;0;0;0;0],[1;0;1;0;0],[0;0;0;0;0],[0;0;0;0;0],[0;0;0;0;0],[0;0;0;0;0],[0;0;0;0;0],[0;0;0;0;0],[0;0;0;0;0],[0;0;0;0;0],[0;0;0;0;0],[0;0;0;0;0],[0;0;0;0;0],[0;0;0;0;0],[0;0;0;0;0],[0;0;0;0;0]
llvm-link,init_array,1,1,5,"%18 = load i32, ptr %13, align 4, %19 = load i32, ptr %7, align 4, %20 = icmp slt i32 %18, %19, br i1 %20, label %21, label %79, %22 = load i32, ptr %13, align 4, %23 = load i32, ptr %7, align 4, %24 = srem i32 %22, %23, %25 = sitofp i32 %24 to double, %26 = load i32, ptr %7, align 4, %27 = sitofp i32 %26 to double, %28 = fdiv double %25, %27, %29 = load ptr, ptr %12, align 8, %30 = load i32, ptr %13, align 4, %31 = sext i32 %30 to i64, %32 = getelementptr inbounds double, ptr %29, i64 %31, store double %28, ptr %32, align 8, store i32 0, ptr %14, align 4, br label %33, %34 = load i32, ptr %14, align 4, %35 = load i32, ptr %7, align 4, %36 = icmp slt i32 %34, %35, br i1 %36, label %37, label %75, br label %76, %77 = load i32, ptr %13, align 4, %78 = add nsw i32 %77, 1, store i32 %78, ptr %13, align 4, br label %17, ",[4;14;4;1;4],[1;1;1;1;1],[0;0;0;0;0],[1;1;2;1;1],[1;1;1;1;1],[2;1;2;1;1],[2;1;2;1;1],[1;2;3;4;5],[2;3;4;5;6],[3;7;3;0;3],[0;3;0;0;0],[2;8;2;0;2],[0;0;0;0;0],[0;0;0;0;0],[0;0;0;0;0],[0;0;0;0;0],[1;1;1;1;1],[0;0;0;0;0],[0;0;0;0;0],[0;0;0;0;0],[0;0;0;0;0],[0;0;0;0;0],[0;0;0;0;0],[0;0;0;0;0],[0;0;0;0;0],[0;0;0;0;0],[0;0;0;0;0],[0;0;0;0;1],[0;0;0;0;0],[0;0;0;0;0],[0;0;0;0;0],[0;0;0;0;0],[0;0;0;0;0],[0;0;0;0;0],[0;0;0;0;0],[0;1;0;0;0],[0;0;0;0;0],[0;1;0;0;0],[0;0;0;0;0],[0;0;0;0;0],[0;0;0;0;0],[0;0;0;0;0],[0;0;0;0;0],[0;0;0;0;0],[0;0;0;0;0],[0;0;0;0;0],[2;5;2;0;1],[0;2;0;0;1],[0;1;0;0;0],[0;0;0;0;0],[0;0;0;0;0],[0;0;0;0;0],[0;0;0;0;0],[0;0;0;0;0],[0;1;0;0;0],[0;0;0;0;0],[0;0;0;0;0],[0;0;0;0;0],[0;2;0;0;0],[0;0;0;0;0],[0;0;0;0;0],[0;0;0;0;0],[0;0;0;0;0],[0;0;0;0;0],[0;0;0;0;0],[0;0;0;0;0],[0;0;0;0;0],[1;0;1;0;0],[0;0;0;0;0],[0;0;0;0;0],[0;0;0;0;0],[0;0;0;0;0],[0;0;0;0;0],[0;0;0;0;0],[0;0;0;0;0],[0;0;0;0;0],[0;0;0;0;0],[0;0;0;0;0],[0;0;0;0;0],[0;0;0;0;0],[0;0;0;0;0],[0;0;0;0;0]
llvm-link,init_array,1,1,2,"%18 = load i32, ptr %13, align 4, %19 = load i32, ptr %7, align 4, %20 = icmp slt i32 %18, %19, br i1 %20, label %21, label %79, ret void, ",[4;1],[1;0],[0;0],[1;0],[1;0],[2;0],[2;1],[1;2],[2;3],[3;0],[0;0],[2;0],[0;0],[0;0],[0;0],[0;1],[1;0],[0;0],[0;0],[0;0],[0;0],[0;0],[0;0],[0;0],[0;0],[0;0],[0;0],[0;0],[0;0],[0;0],[0;0],[0;0],[0;0],[0;0],[0;0],[0;0],[0;0],[0;0],[0;0],[0;0],[0;0],[0;0],[0;0],[0;0],[0;0],[0;0],[2;0],[0;0],[0;0],[0;0],[0;0],[0;0],[0;0],[0;0],[0;0],[0;0],[0;0],[0;0],[0;0],[0;0],[0;0],[0;0],[0;0],[0;0],[0;0],[0;0],[0;0],[1;0],[0;0],[0;0],[0;0],[0;0],[0;0],[0;0],[0;0],[0;0],[0;0],[0;0],[0;0],[0;0],[0;0],[0;0]
llvm-link,kernel_gesummv,0,1,6,"%9 = alloca i32, align 4 %10 = alloca double, align 8 %11 = alloca double, align 8 %12 = alloca ptr, align 8 %13 = alloca ptr, align 8 %14 = alloca ptr, align 8 %15 = alloca ptr, align 8 %16 = alloca ptr, align 8 %17 = alloca i32, align 4 %18 = alloca i32, align 4 store i32 %0, ptr %9, align 4 store double %1, ptr %10, align 8 store double %2, ptr %11, align 8 store ptr %3, ptr %12, align 8 store ptr %4, ptr %13, align 8 store ptr %5, ptr %14, align 8 store ptr %6, ptr %15, align 8 store ptr %7, ptr %16, align 8 store i32 0, ptr %17, align 4, br label %19, %20 = load i32, ptr %17, align 4, %21 = load i32, ptr %9, align 4, %22 = icmp slt i32 %20, %21, br i1 %22, label %23, label %108, %24 = load ptr, ptr %14, align 8, %25 = load i32, ptr %17, align 4, %26 = sext i32 %25 to i64, %27 = getelementptr inbounds double, ptr %24, i64 %26, store double 0.000000e+00, ptr %27, align 8, %28 = load ptr, ptr %16, align 8, %29 = load i32, ptr %17, align 4, %30 = sext i32 %29 to i64, %31 = getelementptr inbounds double, ptr %28, i64 %30, store double 0.000000e+00, ptr %31, align 8, store i32 0, ptr %18, align 4, br label %32, %33 = load i32, ptr %18, align 4, %34 = load i32, ptr %9, align 4, %35 = icmp slt i32 %33, %34, br i1 %35, label %36, label %86, %37 = load ptr, ptr %12, align 8, %38 = load i32, ptr %17, align 4, %39 = sext i32 %38 to i64, %40 = getelementptr inbounds [1300 x double], ptr %37, i64 %39, %41 = load i32, ptr %18, align 4, %42 = sext i32 %41 to i64, %43 = getelementptr inbounds [1300 x double], ptr %40, i64 0, i64 %42, %44 = load double, ptr %43, align 8, %45 = load ptr, ptr %15, align 8, %46 = load i32, ptr %18, align 4, %47 = sext i32 %46 to i64, %48 = getelementptr inbounds double, ptr %45, i64 %47, %49 = load double, ptr %48, align 8, %50 = load ptr, ptr %14, align 8, %51 = load i32, ptr %17, align 4, %52 = sext i32 %51 to i64, %53 = getelementptr inbounds double, ptr %50, i64 %52, %54 = load double, ptr %53, align 8, %55 = call double @llvm.fmuladd.f64(double %44, double %49, double %54), %56 = load ptr, ptr %14, align 8, %57 = load i32, ptr %17, align 4, %58 = sext i32 %57 to i64, %59 = getelementptr inbounds double, ptr %56, i64 %58, store double %55, ptr %59, align 8, %60 = load ptr, ptr %13, align 8, %61 = load i32, ptr %17, align 4, %62 = sext i32 %61 to i64, %63 = getelementptr inbounds [1300 x double], ptr %60, i64 %62, %64 = load i32, ptr %18, align 4, %65 = sext i32 %64 to i64, %66 = getelementptr inbounds [1300 x double], ptr %63, i64 0, i64 %65, %67 = load double, ptr %66, align 8, %68 = load ptr, ptr %15, align 8, %69 = load i32, ptr %18, align 4, %70 = sext i32 %69 to i64, %71 = getelementptr inbounds double, ptr %68, i64 %70, %72 = load double, ptr %71, align 8, %73 = load ptr, ptr %16, align 8, %74 = load i32, ptr %17, align 4, %75 = sext i32 %74 to i64, %76 = getelementptr inbounds double, ptr %73, i64 %75, %77 = load double, ptr %76, align 8, %78 = call double @llvm.fmuladd.f64(double %67, double %72, double %77), %79 = load ptr, ptr %16, align 8, %80 = load i32, ptr %17, align 4, %81 = sext i32 %80 to i64, %82 = getelementptr inbounds double, ptr %79, i64 %81, store double %78, ptr %82, align 8, br label %83, %84 = load i32, ptr %18, align 4, %85 = add nsw i32 %84, 1, store i32 %85, ptr %18, align 4, br label %32, ",[20;4;12;4;49;4],[1;1;1;1;1;1],[0;0;0;0;2;0],[0;1;1;2;2;2],[0;1;1;1;1;1],[1;2;1;2;1;1],[0;2;1;2;1;1],[0;1;2;3;4;5],[1;2;3;4;5;6],[12;3;5;3;22;3],[2;0;2;0;8;0],[14;2;9;2;38;2],[0;0;0;0;0;0],[0;0;0;0;0;0],[0;0;0;0;0;0],[0;0;0;0;0;0],[1;1;1;1;1;1],[0;0;0;0;0;0],[0;0;0;0;0;0],[0;0;0;0;0;0],[0;0;0;0;0;0],[0;0;0;0;0;0],[0;0;0;0;0;0],[0;0;0;0;0;0],[0;0;0;0;0;0],[0;0;0;0;0;0],[0;0;0;0;0;0],[0;0;0;0;0;1],[0;0;0;0;0;0],[0;0;0;0;0;0],[0;0;0;0;0;0],[0;0;0;0;0;0],[0;0;0;0;0;0],[0;0;0;0;0;0],[0;0;0;0;0;0],[0;0;0;0;0;0],[0;0;0;0;0;0],[0;0;0;0;0;0],[0;0;0;0;0;0],[0;0;0;0;0;0],[0;0;0;0;0;0],[0;0;0;0;0;0],[0;0;0;0;0;0],[0;0;0;0;0;0],[0;0;0;0;0;0],[10;0;0;0;0;0],[0;2;4;2;24;1],[9;0;3;0;2;1],[0;0;2;0;10;0],[0;0;0;0;0;0],[0;0;0;0;0;0],[0;0;0;0;0;0],[0;0;0;0;0;0],[0;0;0;0;0;0],[0;0;2;0;10;0],[0;0;0;0;0;0],[0;0;0;0;0;0],[0;0;0;0;0;0],[0;0;0;0;0;0],[0;0;0;0;0;0],[0;0;0;0;0;0],[0;0;0;0;0;0],[0;0;0;0;0;0],[0;0;0;0;0;0],[0;0;0;0;0;0],[0;0;0;0;0;0],[0;0;0;0;0;0],[0;1;0;1;0;0],[0;0;0;0;0;0],[0;0;0;0;0;0],[0;0;0;0;2;0],[0;0;0;0;0;0],[0;0;0;0;0;0],[0;0;0;0;0;0],[0;0;0;0;0;0],[0;0;0;0;0;0],[0;0;0;0;0;0],[0;0;0;0;0;0],[0;0;0;0;0;0],[0;0;0;0;0;0],[0;0;0;0;0;0],[0;0;0;0;0;0]
llvm-link,kernel_gesummv,1,1,6,"%9 = alloca i32, align 4 %10 = alloca double, align 8 %11 = alloca double, align 8 %12 = alloca ptr, align 8 %13 = alloca ptr, align 8 %14 = alloca ptr, align 8 %15 = alloca ptr, align 8 %16 = alloca ptr, align 8 %17 = alloca i32, align 4 %18 = alloca i32, align 4 store i32 %0, ptr %9, align 4 store double %1, ptr %10, align 8 store double %2, ptr %11, align 8 store ptr %3, ptr %12, align 8 store ptr %4, ptr %13, align 8 store ptr %5, ptr %14, align 8 store ptr %6, ptr %15, align 8 store ptr %7, ptr %16, align 8 store i32 0, ptr %17, align 4, br label %19, %20 = load i32, ptr %17, align 4, %21 = load i32, ptr %9, align 4, %22 = icmp slt i32 %20, %21, br i1 %22, label %23, label %108, %24 = load ptr, ptr %14, align 8, %25 = load i32, ptr %17, align 4, %26 = sext i32 %25 to i64, %27 = getelementptr inbounds double, ptr %24, i64 %26, store double 0.000000e+00, ptr %27, align 8, %28 = load ptr, ptr %16, align 8, %29 = load i32, ptr %17, align 4, %30 = sext i32 %29 to i64, %31 = getelementptr inbounds double, ptr %28, i64 %30, store double 0.000000e+00, ptr %31, align 8, store i32 0, ptr %18, align 4, br label %32, %33 = load i32, ptr %18, align 4, %34 = load i32, ptr %9, align 4, %35 = icmp slt i32 %33, %34, br i1 %35, label %36, label %86, %87 = load double, ptr %10, align 8, %88 = load ptr, ptr %14, align 8, %89 = load i32, ptr %17, align 4, %90 = sext i32 %89 to i64, %91 = getelementptr inbounds double, ptr %88, i64 %90, %92 = load double, ptr %91, align 8, %93 = load double, ptr %11, align 8, %94 = load ptr, ptr %16, align 8, %95 = load i32, ptr %17, align 4, %96 = sext i32 %95 to i64, %97 = getelementptr inbounds double, ptr %94, i64 %96, %98 = load double, ptr %97, align 8, %99 = fmul double %93, %98, %100 = call double @llvm.fmuladd.f64(double %87, double %92, double %99), %101 = load ptr, ptr %16, align 8, %102 = load i32, ptr %17, align 4, %103 = sext i32 %102 to i64, %104 = getelementptr inbounds double, ptr %101, i64 %103, store double %100, ptr %104, align 8, br label %105, %106 = load i32, ptr %17, align 4, %107 = add nsw i32 %106, 1, store i32 %107, ptr %17, align 4, br label %19, ",[20;4;12;4;20;4],[1;1;1;1;1;1],[0;0;0;0;1;0],[0;1;1;2;1;1],[0;1;1;1;1;1],[1;2;1;2;1;1],[0;2;1;2;1;1],[0;1;2;3;4;5],[1;2;3;4;5;6],[12;3;5;3;6;3],[2;0;2;0;6;0],[14;2;9;2;15;2],[0;0;0;0;0;0],[0;0;0;0;0;0],[0;0;0;0;0;0],[0;0;0;0;0;0],[1;1;1;1;1;1],[0;0;0;0;0;0],[0;0;0;0;0;0],[0;0;0;0;0;0],[0;0;0;0;0;0],[0;0;0;0;0;0],[0;0;0;0;0;0],[0;0;0;0;0;0],[0;0;0;0;0;0],[0;0;0;0;0;0],[0;0;0;0;0;0],[0;0;0;0;0;1],[0;0;0;0;0;0],[0;0;0;0;0;0],[0;0;0;0;0;0],[0;0;0;0;0;0],[0;0;0;0;1;0],[0;0;0;0;0;0],[0;0;0;0;0;0],[0;0;0;0;0;0],[0;0;0;0;0;0],[0;0;0;0;0;0],[0;0;0;0;0;0],[0;0;0;0;0;0],[0;0;0;0;0;0],[0;0;0;0;0;0],[0;0;0;0;0;0],[0;0;0;0;0;0],[0;0;0;0;0;0],[10;0;0;0;0;0],[0;2;4;2;10;1],[9;0;3;0;1;1],[0;0;2;0;3;0],[0;0;0;0;0;0],[0;0;0;0;0;0],[0;0;0;0;0;0],[0;0;0;0;0;0],[0;0;0;0;0;0],[0;0;2;0;3;0],[0;0;0;0;0;0],[0;0;0;0;0;0],[0;0;0;0;0;0],[0;0;0;0;0;0],[0;0;0;0;0;0],[0;0;0;0;0;0],[0;0;0;0;0;0],[0;0;0;0;0;0],[0;0;0;0;0;0],[0;0;0;0;0;0],[0;0;0;0;0;0],[0;0;0;0;0;0],[0;1;0;1;0;0],[0;0;0;0;0;0],[0;0;0;0;0;0],[0;0;0;0;1;0],[0;0;0;0;0;0],[0;0;0;0;0;0],[0;0;0;0;0;0],[0;0;0;0;0;0],[0;0;0;0;0;0],[0;0;0;0;0;0],[0;0;0;0;0;0],[0;0;0;0;0;0],[0;0;0;0;0;0],[0;0;0;0;0;0],[0;0;0;0;0;0]
llvm-link,kernel_gesummv,1,1,3,"%9 = alloca i32, align 4 %10 = alloca double, align 8 %11 = alloca double, align 8 %12 = alloca ptr, align 8 %13 = alloca ptr, align 8 %14 = alloca ptr, align 8 %15 = alloca ptr, align 8 %16 = alloca ptr, align 8 %17 = alloca i32, align 4 %18 = alloca i32, align 4 store i32 %0, ptr %9, align 4 store double %1, ptr %10, align 8 store double %2, ptr %11, align 8 store ptr %3, ptr %12, align 8 store ptr %4, ptr %13, align 8 store ptr %5, ptr %14, align 8 store ptr %6, ptr %15, align 8 store ptr %7, ptr %16, align 8 store i32 0, ptr %17, align 4, br label %19, %20 = load i32, ptr %17, align 4, %21 = load i32, ptr %9, align 4, %22 = icmp slt i32 %20, %21, br i1 %22, label %23, label %108, ret void, ",[20;4;1],[1;1;0],[0;0;0],[0;1;0],[0;1;0],[1;2;0],[0;2;1],[0;1;2],[1;2;3],[12;3;0],[2;0;0],[14;2;0],[0;0;0],[0;0;0],[0;0;0],[0;0;1],[1;1;0],[0;0;0],[0;0;0],[0;0;0],[0;0;0],[0;0;0],[0;0;0],[0;0;0],[0;0;0],[0;0;0],[0;0;0],[0;0;0],[0;0;0],[0;0;0],[0;0;0],[0;0;0],[0;0;0],[0;0;0],[0;0;0],[0;0;0],[0;0;0],[0;0;0],[0;0;0],[0;0;0],[0;0;0],[0;0;0],[0;0;0],[0;0;0],[0;0;0],[10;0;0],[0;2;0],[9;0;0],[0;0;0],[0;0;0],[0;0;0],[0;0;0],[0;0;0],[0;0;0],[0;0;0],[0;0;0],[0;0;0],[0;0;0],[0;0;0],[0;0;0],[0;0;0],[0;0;0],[0;0;0],[0;0;0],[0;0;0],[0;0;0],[0;0;0],[0;1;0],[0;0;0],[0;0;0],[0;0;0],[0;0;0],[0;0;0],[0;0;0],[0;0;0],[0;0;0],[0;0;0],[0;0;0],[0;0;0],[0;0;0],[0;0;0],[0;0;0]
llvm-link,kernel_gesummv,0,1,3,"%33 = load i32, ptr %18, align 4, %34 = load i32, ptr %9, align 4, %35 = icmp slt i32 %33, %34, br i1 %35, label %36, label %86, %37 = load ptr, ptr %12, align 8, %38 = load i32, ptr %17, align 4, %39 = sext i32 %38 to i64, %40 = getelementptr inbounds [1300 x double], ptr %37, i64 %39, %41 = load i32, ptr %18, align 4, %42 = sext i32 %41 to i64, %43 = getelementptr inbounds [1300 x double], ptr %40, i64 0, i64 %42, %44 = load double, ptr %43, align 8, %45 = load ptr, ptr %15, align 8, %46 = load i32, ptr %18, align 4, %47 = sext i32 %46 to i64, %48 = getelementptr inbounds double, ptr %45, i64 %47, %49 = load double, ptr %48, align 8, %50 = load ptr, ptr %14, align 8, %51 = load i32, ptr %17, align 4, %52 = sext i32 %51 to i64, %53 = getelementptr inbounds double, ptr %50, i64 %52, %54 = load double, ptr %53, align 8, %55 = call double @llvm.fmuladd.f64(double %44, double %49, double %54), %56 = load ptr, ptr %14, align 8, %57 = load i32, ptr %17, align 4, %58 = sext i32 %57 to i64, %59 = getelementptr inbounds double, ptr %56, i64 %58, store double %55, ptr %59, align 8, %60 = load ptr, ptr %13, align 8, %61 = load i32, ptr %17, align 4, %62 = sext i32 %61 to i64, %63 = getelementptr inbounds [1300 x double], ptr %60, i64 %62, %64 = load i32, ptr %18, align 4, %65 = sext i32 %64 to i64, %66 = getelementptr inbounds [1300 x double], ptr %63, i64 0, i64 %65, %67 = load double, ptr %66, align 8, %68 = load ptr, ptr %15, align 8, %69 = load i32, ptr %18, align 4, %70 = sext i32 %69 to i64, %71 = getelementptr inbounds double, ptr %68, i64 %70, %72 = load double, ptr %71, align 8, %73 = load ptr, ptr %16, align 8, %74 = load i32, ptr %17, align 4, %75 = sext i32 %74 to i64, %76 = getelementptr inbounds double, ptr %73, i64 %75, %77 = load double, ptr %76, align 8, %78 = call double @llvm.fmuladd.f64(double %67, double %72, double %77), %79 = load ptr, ptr %16, align 8, %80 = load i32, ptr %17, align 4, %81 = sext i32 %80 to i64, %82 = getelementptr inbounds double, ptr %79, i64 %81, store double %78, ptr %82, align 8, br label %83, %84 = load i32, ptr %18, align 4, %85 = add nsw i32 %84, 1, store i32 %85, ptr %18, align 4, br label %32, ",[4;49;4],[1;1;1],[0;2;0],[2;2;2],[1;1;1],[2;1;1],[2;1;1],[3;4;5],[4;5;6],[3;22;3],[0;8;0],[2;38;2],[0;0;0],[0;0;0],[0;0;0],[0;0;0],[1;1;1],[0;0;0],[0;0;0],[0;0;0],[0;0;0],[0;0;0],[0;0;0],[0;0;0],[0;0;0],[0;0;0],[0;0;0],[0;0;1],[0;0;0],[0;0;0],[0;0;0],[0;0;0],[0;0;0],[0;0;0],[0;0;0],[0;0;0],[0;0;0],[0;0;0],[0;0;0],[0;0;0],[0;0;0],[0;0;0],[0;0;0],[0;0;0],[0;0;0],[0;0;0],[2;24;1],[0;2;1],[0;10;0],[0;0;0],[0;0;0],[0;0;0],[0;0;0],[0;0;0],[0;10;0],[0;0;0],[0;0;0],[0;0;0],[0;0;0],[0;0;0],[0;0;0],[0;0;0],[0;0;0],[0;0;0],[0;0;0],[0;0;0],[0;0;0],[1;0;0],[0;0;0],[0;0;0],[0;2;0],[0;0;0],[0;0;0],[0;0;0],[0;0;0],[0;0;0],[0;0;0],[0;0;0],[0;0;0],[0;0;0],[0;0;0],[0;0;0]
llvm-link,kernel_gesummv,1,1,3,"%33 = load i32, ptr %18, align 4, %34 = load i32, ptr %9, align 4, %35 = icmp slt i32 %33, %34, br i1 %35, label %36, label %86, %87 = load double, ptr %10, align 8, %88 = load ptr, ptr %14, align 8, %89 = load i32, ptr %17, align 4, %90 = sext i32 %89 to i64, %91 = getelementptr inbounds double, ptr %88, i64 %90, %92 = load double, ptr %91, align 8, %93 = load double, ptr %11, align 8, %94 = load ptr, ptr %16, align 8, %95 = load i32, ptr %17, align 4, %96 = sext i32 %95 to i64, %97 = getelementptr inbounds double, ptr %94, i64 %96, %98 = load double, ptr %97, align 8, %99 = fmul double %93, %98, %100 = call double @llvm.fmuladd.f64(double %87, double %92, double %99), %101 = load ptr, ptr %16, align 8, %102 = load i32, ptr %17, align 4, %103 = sext i32 %102 to i64, %104 = getelementptr inbounds double, ptr %101, i64 %103, store double %100, ptr %104, align 8, br label %105, %106 = load i32, ptr %17, align 4, %107 = add nsw i32 %106, 1, store i32 %107, ptr %17, align 4, br label %19, ",[4;20;4],[1;1;1],[0;1;0],[2;1;1],[1;1;1],[2;1;1],[2;1;1],[3;4;5],[4;5;6],[3;6;3],[0;6;0],[2;15;2],[0;0;0],[0;0;0],[0;0;0],[0;0;0],[1;1;1],[0;0;0],[0;0;0],[0;0;0],[0;0;0],[0;0;0],[0;0;0],[0;0;0],[0;0;0],[0;0;0],[0;0;0],[0;0;1],[0;0;0],[0;0;0],[0;0;0],[0;0;0],[0;1;0],[0;0;0],[0;0;0],[0;0;0],[0;0;0],[0;0;0],[0;0;0],[0;0;0],[0;0;0],[0;0;0],[0;0;0],[0;0;0],[0;0;0],[0;0;0],[2;10;1],[0;1;1],[0;3;0],[0;0;0],[0;0;0],[0;0;0],[0;0;0],[0;0;0],[0;3;0],[0;0;0],[0;0;0],[0;0;0],[0;0;0],[0;0;0],[0;0;0],[0;0;0],[0;0;0],[0;0;0],[0;0;0],[0;0;0],[0;0;0],[1;0;0],[0;0;0],[0;0;0],[0;1;0],[0;0;0],[0;0;0],[0;0;0],[0;0;0],[0;0;0],[0;0;0],[0;0;0],[0;0;0],[0;0;0],[0;0;0],[0;0;0]
llvm-link,kernel_gesummv,0,1,5,"%20 = load i32, ptr %17, align 4, %21 = load i32, ptr %9, align 4, %22 = icmp slt i32 %20, %21, br i1 %22, label %23, label %108, %24 = load ptr, ptr %14, align 8, %25 = load i32, ptr %17, align 4, %26 = sext i32 %25 to i64, %27 = getelementptr inbounds double, ptr %24, i64 %26, store double 0.000000e+00, ptr %27, align 8, %28 = load ptr, ptr %16, align 8, %29 = load i32, ptr %17, align 4, %30 = sext i32 %29 to i64, %31 = getelementptr inbounds double, ptr %28, i64 %30, store double 0.000000e+00, ptr %31, align 8, store i32 0, ptr %18, align 4, br label %32, %33 = load i32, ptr %18, align 4, %34 = load i32, ptr %9, align 4, %35 = icmp slt i32 %33, %34, br i1 %35, label %36, label %86, %37 = load ptr, ptr %12, align 8, %38 = load i32, ptr %17, align 4, %39 = sext i32 %38 to i64, %40 = getelementptr inbounds [1300 x double], ptr %37, i64 %39, %41 = load i32, ptr %18, align 4, %42 = sext i32 %41 to i64, %43 = getelementptr inbounds [1300 x double], ptr %40, i64 0, i64 %42, %44 = load double, ptr %43, align 8, %45 = load ptr, ptr %15, align 8, %46 = load i32, ptr %18, align 4, %47 = sext i32 %46 to i64, %48 = getelementptr inbounds double, ptr %45, i64 %47, %49 = load double, ptr %48, align 8, %50 = load ptr, ptr %14, align 8, %51 = load i32, ptr %17, align 4, %52 = sext i32 %51 to i64, %53 = getelementptr inbounds double, ptr %50, i64 %52, %54 = load double, ptr %53, align 8, %55 = call double @llvm.fmuladd.f64(double %44, double %49, double %54), %56 = load ptr, ptr %14, align 8, %57 = load i32, ptr %17, align 4, %58 = sext i32 %57 to i64, %59 = getelementptr inbounds double, ptr %56, i64 %58, store double %55, ptr %59, align 8, %60 = load ptr, ptr %13, align 8, %61 = load i32, ptr %17, align 4, %62 = sext i32 %61 to i64, %63 = getelementptr inbounds [1300 x double], ptr %60, i64 %62, %64 = load i32, ptr %18, align 4, %65 = sext i32 %64 to i64, %66 = getelementptr inbounds [1300 x double], ptr %63, i64 0, i64 %65, %67 = load double, ptr %66, align 8, %68 = load ptr, ptr %15, align 8, %69 = load i32, ptr %18, align 4, %70 = sext i32 %69 to i64, %71 = getelementptr inbounds double, ptr %68, i64 %70, %72 = load double, ptr %71, align 8, %73 = load ptr, ptr %16, align 8, %74 = load i32, ptr %17, align 4, %75 = sext i32 %74 to i64, %76 = getelementptr inbounds double, ptr %73, i64 %75, %77 = load double, ptr %76, align 8, %78 = call double @llvm.fmuladd.f64(double %67, double %72, double %77), %79 = load ptr, ptr %16, align 8, %80 = load i32, ptr %17, align 4, %81 = sext i32 %80 to i64, %82 = getelementptr inbounds double, ptr %79, i64 %81, store double %78, ptr %82, align 8, br label %83, %84 = load i32, ptr %18, align 4, %85 = add nsw i32 %84, 1, store i32 %85, ptr %18, align 4, br label %32, ",[4;12;4;49;4],[1;1;1;1;1],[0;0;0;2;0],[1;1;2;2;2],[1;1;1;1;1],[2;1;2;1;1],[2;1;2;1;1],[1;2;3;4;5],[2;3;4;5;6],[3;5;3;22;3],[0;2;0;8;0],[2;9;2;38;2],[0;0;0;0;0],[0;0;0;0;0],[0;0;0;0;0],[0;0;0;0;0],[1;1;1;1;1],[0;0;0;0;0],[0;0;0;0;0],[0;0;0;0;0],[0;0;0;0;0],[0;0;0;0;0],[0;0;0;0;0],[0;0;0;0;0],[0;0;0;0;0],[0;0;0;0;0],[0;0;0;0;0],[0;0;0;0;1],[0;0;0;0;0],[0;0;0;0;0],[0;0;0;0;0],[0;0;0;0;0],[0;0;0;0;0],[0;0;0;0;0],[0;0;0;0;0],[0;0;0;0;0],[0;0;0;0;0],[0;0;0;0;0],[0;0;0;0;0],[0;0;0;0;0],[0;0;0;0;0],[0;0;0;0;0],[0;0;0;0;0],[0;0;0;0;0],[0;0;0;0;0],[0;0;0;0;0],[2;4;2;24;1],[0;3;0;2;1],[0;2;0;10;0],[0;0;0;0;0],[0;0;0;0;0],[0;0;0;0;0],[0;0;0;0;0],[0;0;0;0;0],[0;2;0;10;0],[0;0;0;0;0],[0;0;0;0;0],[0;0;0;0;0],[0;0;0;0;0],[0;0;0;0;0],[0;0;0;0;0],[0;0;0;0;0],[0;0;0;0;0],[0;0;0;0;0],[0;0;0;0;0],[0;0;0;0;0],[0;0;0;0;0],[1;0;1;0;0],[0;0;0;0;0],[0;0;0;0;0],[0;0;0;2;0],[0;0;0;0;0],[0;0;0;0;0],[0;0;0;0;0],[0;0;0;0;0],[0;0;0;0;0],[0;0;0;0;0],[0;0;0;0;0],[0;0;0;0;0],[0;0;0;0;0],[0;0;0;0;0],[0;0;0;0;0]
llvm-link,kernel_gesummv,1,1,5,"%20 = load i32, ptr %17, align 4, %21 = load i32, ptr %9, align 4, %22 = icmp slt i32 %20, %21, br i1 %22, label %23, label %108, %24 = load ptr, ptr %14, align 8, %25 = load i32, ptr %17, align 4, %26 = sext i32 %25 to i64, %27 = getelementptr inbounds double, ptr %24, i64 %26, store double 0.000000e+00, ptr %27, align 8, %28 = load ptr, ptr %16, align 8, %29 = load i32, ptr %17, align 4, %30 = sext i32 %29 to i64, %31 = getelementptr inbounds double, ptr %28, i64 %30, store double 0.000000e+00, ptr %31, align 8, store i32 0, ptr %18, align 4, br label %32, %33 = load i32, ptr %18, align 4, %34 = load i32, ptr %9, align 4, %35 = icmp slt i32 %33, %34, br i1 %35, label %36, label %86, %87 = load double, ptr %10, align 8, %88 = load ptr, ptr %14, align 8, %89 = load i32, ptr %17, align 4, %90 = sext i32 %89 to i64, %91 = getelementptr inbounds double, ptr %88, i64 %90, %92 = load double, ptr %91, align 8, %93 = load double, ptr %11, align 8, %94 = load ptr, ptr %16, align 8, %95 = load i32, ptr %17, align 4, %96 = sext i32 %95 to i64, %97 = getelementptr inbounds double, ptr %94, i64 %96, %98 = load double, ptr %97, align 8, %99 = fmul double %93, %98, %100 = call double @llvm.fmuladd.f64(double %87, double %92, double %99), %101 = load ptr, ptr %16, align 8, %102 = load i32, ptr %17, align 4, %103 = sext i32 %102 to i64, %104 = getelementptr inbounds double, ptr %101, i64 %103, store double %100, ptr %104, align 8, br label %105, %106 = load i32, ptr %17, align 4, %107 = add nsw i32 %106, 1, store i32 %107, ptr %17, align 4, br label %19, ",[4;12;4;20;4],[1;1;1;1;1],[0;0;0;1;0],[1;1;2;1;1],[1;1;1;1;1],[2;1;2;1;1],[2;1;2;1;1],[1;2;3;4;5],[2;3;4;5;6],[3;5;3;6;3],[0;2;0;6;0],[2;9;2;15;2],[0;0;0;0;0],[0;0;0;0;0],[0;0;0;0;0],[0;0;0;0;0],[1;1;1;1;1],[0;0;0;0;0],[0;0;0;0;0],[0;0;0;0;0],[0;0;0;0;0],[0;0;0;0;0],[0;0;0;0;0],[0;0;0;0;0],[0;0;0;0;0],[0;0;0;0;0],[0;0;0;0;0],[0;0;0;0;1],[0;0;0;0;0],[0;0;0;0;0],[0;0;0;0;0],[0;0;0;0;0],[0;0;0;1;0],[0;0;0;0;0],[0;0;0;0;0],[0;0;0;0;0],[0;0;0;0;0],[0;0;0;0;0],[0;0;0;0;0],[0;0;0;0;0],[0;0;0;0;0],[0;0;0;0;0],[0;0;0;0;0],[0;0;0;0;0],[0;0;0;0;0],[0;0;0;0;0],[2;4;2;10;1],[0;3;0;1;1],[0;2;0;3;0],[0;0;0;0;0],[0;0;0;0;0],[0;0;0;0;0],[0;0;0;0;0],[0;0;0;0;0],[0;2;0;3;0],[0;0;0;0;0],[0;0;0;0;0],[0;0;0;0;0],[0;0;0;0;0],[0;0;0;0;0],[0;0;0;0;0],[0;0;0;0;0],[0;0;0;0;0],[0;0;0;0;0],[0;0;0;0;0],[0;0;0;0;0],[0;0;0;0;0],[1;0;1;0;0],[0;0;0;0;0],[0;0;0;0;0],[0;0;0;1;0],[0;0;0;0;0],[0;0;0;0;0],[0;0;0;0;0],[0;0;0;0;0],[0;0;0;0;0],[0;0;0;0;0],[0;0;0;0;0],[0;0;0;0;0],[0;0;0;0;0],[0;0;0;0;0],[0;0;0;0;0]
llvm-link,kernel_gesummv,1,1,2,"%20 = load i32, ptr %17, align 4, %21 = load i32, ptr %9, align 4, %22 = icmp slt i32 %20, %21, br i1 %22, label %23, label %108, ret void, ",[4;1],[1;0],[0;0],[1;0],[1;0],[2;0],[2;1],[1;2],[2;3],[3;0],[0;0],[2;0],[0;0],[0;0],[0;0],[0;1],[1;0],[0;0],[0;0],[0;0],[0;0],[0;0],[0;0],[0;0],[0;0],[0;0],[0;0],[0;0],[0;0],[0;0],[0;0],[0;0],[0;0],[0;0],[0;0],[0;0],[0;0],[0;0],[0;0],[0;0],[0;0],[0;0],[0;0],[0;0],[0;0],[0;0],[2;0],[0;0],[0;0],[0;0],[0;0],[0;0],[0;0],[0;0],[0;0],[0;0],[0;0],[0;0],[0;0],[0;0],[0;0],[0;0],[0;0],[0;0],[0;0],[0;0],[0;0],[1;0],[0;0],[0;0],[0;0],[0;0],[0;0],[0;0],[0;0],[0;0],[0;0],[0;0],[0;0],[0;0],[0;0],[0;0]
llvm-link,print_array,0,0,6,"%3 = alloca i32, align 4 %4 = alloca ptr, align 8 %5 = alloca i32, align 4 store i32 %0, ptr %3, align 4 store ptr %1, ptr %4, align 8 %6 = load ptr, ptr @stderr, align 8, %7 = call i32 (ptr, ptr, ...) @fprintf(ptr noundef %6, ptr noundef @.str.1) #7, %8 = load ptr, ptr @stderr, align 8, %9 = call i32 (ptr, ptr, ...) @fprintf(ptr noundef %8, ptr noundef @.str.2, ptr noundef @.str.3) #7, store i32 0, ptr %5, align 4, br label %10, %11 = load i32, ptr %5, align 4, %12 = load i32, ptr %3, align 4, %13 = icmp slt i32 %11, %12, br i1 %13, label %14, label %32, %15 = load i32, ptr %5, align 4, %16 = srem i32 %15, 20, %17 = icmp eq i32 %16, 0, br i1 %17, label %18, label %21, %19 = load ptr, ptr @stderr, align 8, %20 = call i32 (ptr, ptr, ...) @fprintf(ptr noundef %19, ptr noundef @.str.4) #7, br label %21, %22 = load ptr, ptr @stderr, align 8, %23 = load ptr, ptr %4, align 8, %24 = load i32, ptr %5, align 4, %25 = sext i32 %24 to i64, %26 = getelementptr inbounds double, ptr %23, i64 %25, %27 = load double, ptr %26, align 8, %28 = call i32 (ptr, ptr, ...) @fprintf(ptr noundef %22, ptr noundef @.str.5, double noundef %27) #7, br label %29, %30 = load i32, ptr %5, align 4, %31 = add nsw i32 %30, 1, store i32 %31, ptr %5, align 4, br label %10, ",[11;4;4;3;8;4],[1;1;1;1;1;1],[2;0;0;1;1;0],[0;1;1;1;1;1],[0;1;1;1;1;1],[1;2;2;1;1;1],[0;2;1;1;2;1],[0;1;2;3;3;4],[1;2;3;4;4;5],[5;3;5;0;2;3],[0;0;0;0;1;0],[13;2;1;4;8;2],[0;0;0;0;0;0],[0;0;0;0;0;0],[0;0;0;0;0;0],[0;0;0;0;0;0],[1;1;1;1;1;1],[0;0;0;0;0;0],[0;0;0;0;0;0],[0;0;0;0;0;0],[0;0;0;0;0;0],[0;0;0;0;0;0],[0;0;0;0;0;0],[0;0;0;0;0;0],[0;0;0;0;0;0],[0;0;0;0;0;0],[0;0;0;0;0;0],[0;0;0;0;0;1],[0;0;0;0;0;0],[0;0;0;0;0;0],[0;0;0;0;0;0],[0;0;0;0;0;0],[0;0;0;0;0;0],[0;0;0;0;0;0],[0;0;0;0;0;0],[0;0;0;0;0;0],[0;0;0;0;0;0],[0;0;1;0;0;0],[0;0;0;0;0;0],[0;0;0;0;0;0],[0;0;0;0;0;0],[0;0;0;0;0;0],[0;0;0;0;0;0],[0;0;0;0;0;0],[0;0;0;0;0;0],[3;0;0;0;0;0],[2;2;1;1;4;1],[3;0;0;0;0;1],[0;0;0;0;1;0],[0;0;0;0;0;0],[0;0;0;0;0;0],[0;0;0;0;0;0],[0;0;0;0;0;0],[0;0;0;0;0;0],[0;0;0;0;1;0],[0;0;0;0;0;0],[0;0;0;0;0;0],[0;0;0;0;0;0],[0;0;0;0;0;0],[0;0;0;0;0;0],[0;0;0;0;0;0],[0;0;0;0;0;0],[0;0;0;0;0;0],[0;0;0;0;0;0],[0;0;0;0;0;0],[0;0;0;0;0;0],[0;0;0;0;0;0],[0;1;1;0;0;0],[0;0;0;0;0;0],[0;0;0;0;0;0],[2;0;0;1;1;0],[0;0;0;0;0;0],[0;0;0;0;0;0],[0;0;0;0;0;0],[0;0;0;0;0;0],[0;0;0;0;0;0],[0;0;0;0;0;0],[0;0;0;0;0;0],[0;0;0;0;0;0],[0;0;0;0;0;0],[0;0;0;0;0;0],[0;0;0;0;0;0]
llvm-link,print_array,1,0,5,"%3 = alloca i32, align 4 %4 = alloca ptr, align 8 %5 = alloca i32, align 4 store i32 %0, ptr %3, align 4 store ptr %1, ptr %4, align 8 %6 = load ptr, ptr @stderr, align 8, %7 = call i32 (ptr, ptr, ...) @fprintf(ptr noundef %6, ptr noundef @.str.1) #7, %8 = load ptr, ptr @stderr, align 8, %9 = call i32 (ptr, ptr, ...) @fprintf(ptr noundef %8, ptr noundef @.str.2, ptr noundef @.str.3) #7, store i32 0, ptr %5, align 4, br label %10, %11 = load i32, ptr %5, align 4, %12 = load i32, ptr %3, align 4, %13 = icmp slt i32 %11, %12, br i1 %13, label %14, label %32, %15 = load i32, ptr %5, align 4, %16 = srem i32 %15, 20, %17 = icmp eq i32 %16, 0, br i1 %17, label %18, label %21, %22 = load ptr, ptr @stderr, align 8, %23 = load ptr, ptr %4, align 8, %24 = load i32, ptr %5, align 4, %25 = sext i32 %24 to i64, %26 = getelementptr inbounds double, ptr %23, i64 %25, %27 = load double, ptr %26, align 8, %28 = call i32 (ptr, ptr, ...) @fprintf(ptr noundef %22, ptr noundef @.str.5, double noundef %27) #7, br label %29, %30 = load i32, ptr %5, align 4, %31 = add nsw i32 %30, 1, store i32 %31, ptr %5, align 4, br label %10, ",[11;4;4;8;4],[1;1;1;1;1],[2;0;0;1;0],[0;1;1;1;1],[0;1;1;1;1],[1;2;2;1;1],[0;2;1;2;1],[0;1;2;3;4],[1;2;3;4;5],[5;3;5;2;3],[0;0;0;1;0],[13;2;1;8;2],[0;0;0;0;0],[0;0;0;0;0],[0;0;0;0;0],[0;0;0;0;0],[1;1;1;1;1],[0;0;0;0;0],[0;0;0;0;0],[0;0;0;0;0],[0;0;0;0;0],[0;0;0;0;0],[0;0;0;0;0],[0;0;0;0;0],[0;0;0;0;0],[0;0;0;0;0],[0;0;0;0;0],[0;0;0;0;1],[0;0;0;0;0],[0;0;0;0;0],[0;0;0;0;0],[0;0;0;0;0],[0;0;0;0;0],[0;0;0;0;0],[0;0;0;0;0],[0;0;0;0;0],[0;0;0;0;0],[0;0;1;0;0],[0;0;0;0;0],[0;0;0;0;0],[0;0;0;0;0],[0;0;0;0;0],[0;0;0;0;0],[0;0;0;0;0],[0;0;0;0;0],[3;0;0;0;0],[2;2;1;4;1],[3;0;0;0;1],[0;0;0;1;0],[0;0;0;0;0],[0;0;0;0;0],[0;0;0;0;0],[0;0;0;0;0],[0;0;0;0;0],[0;0;0;1;0],[0;0;0;0;0],[0;0;0;0;0],[0;0;0;0;0],[0;0;0;0;0],[0;0;0;0;0],[0;0;0;0;0],[0;0;0;0;0],[0;0;0;0;0],[0;0;0;0;0],[0;0;0;0;0],[0;0;0;0;0],[0;0;0;0;0],[0;1;1;0;0],[0;0;0;0;0],[0;0;0;0;0],[2;0;0;1;0],[0;0;0;0;0],[0;0;0;0;0],[0;0;0;0;0],[0;0;0;0;0],[0;0;0;0;0],[0;0;0;0;0],[0;0;0;0;0],[0;0;0;0;0],[0;0;0;0;0],[0;0;0;0;0],[0;0;0;0;0]
llvm-link,print_array,1,0,3,"%3 = alloca i32, align 4 %4 = alloca ptr, align 8 %5 = alloca i32, align 4 store i32 %0, ptr %3, align 4 store ptr %1, ptr %4, align 8 %6 = load ptr, ptr @stderr, align 8, %7 = call i32 (ptr, ptr, ...) @fprintf(ptr noundef %6, ptr noundef @.str.1) #7, %8 = load ptr, ptr @stderr, align 8, %9 = call i32 (ptr, ptr, ...) @fprintf(ptr noundef %8, ptr noundef @.str.2, ptr noundef @.str.3) #7, store i32 0, ptr %5, align 4, br label %10, %11 = load i32, ptr %5, align 4, %12 = load i32, ptr %3, align 4, %13 = icmp slt i32 %11, %12, br i1 %13, label %14, label %32, %33 = load ptr, ptr @stderr, align 8, %34 = call i32 (ptr, ptr, ...) @fprintf(ptr noundef %33, ptr noundef @.str.6, ptr noundef @.str.3) #7, %35 = load ptr, ptr @stderr, align 8, %36 = call i32 (ptr, ptr, ...) @fprintf(ptr noundef %35, ptr noundef @.str.7) #7, ret void, ",[11;4;5],[1;1;0],[2;0;2],[0;1;0],[0;1;0],[1;2;0],[0;2;1],[0;1;2],[1;2;3],[5;3;0],[0;0;0],[13;2;9],[0;0;0],[0;0;0],[0;0;0],[0;0;1],[1;1;0],[0;0;0],[0;0;0],[0;0;0],[0;0;0],[0;0;0],[0;0;0],[0;0;0],[0;0;0],[0;0;0],[0;0;0],[0;0;0],[0;0;0],[0;0;0],[0;0;0],[0;0;0],[0;0;0],[0;0;0],[0;0;0],[0;0;0],[0;0;0],[0;0;0],[0;0;0],[0;0;0],[0;0;0],[0;0;0],[0;0;0],[0;0;0],[0;0;0],[3;0;0],[2;2;2],[3;0;0],[0;0;0],[0;0;0],[0;0;0],[0;0;0],[0;0;0],[0;0;0],[0;0;0],[0;0;0],[0;0;0],[0;0;0],[0;0;0],[0;0;0],[0;0;0],[0;0;0],[0;0;0],[0;0;0],[0;0;0],[0;0;0],[0;0;0],[0;1;0],[0;0;0],[0;0;0],[2;0;2],[0;0;0],[0;0;0],[0;0;0],[0;0;0],[0;0;0],[0;0;0],[0;0;0],[0;0;0],[0;0;0],[0;0;0],[0;0;0]
llvm-link,print_array,0,0,5,"%11 = load i32, ptr %5, align 4, %12 = load i32, ptr %3, align 4, %13 = icmp slt i32 %11, %12, br i1 %13, label %14, label %32, %15 = load i32, ptr %5, align 4, %16 = srem i32 %15, 20, %17 = icmp eq i32 %16, 0, br i1 %17, label %18, label %21, %19 = load ptr, ptr @stderr, align 8, %20 = call i32 (ptr, ptr, ...) @fprintf(ptr noundef %19, ptr noundef @.str.4) #7, br label %21, %22 = load ptr, ptr @stderr, align 8, %23 = load ptr, ptr %4, align 8, %24 = load i32, ptr %5, align 4, %25 = sext i32 %24 to i64, %26 = getelementptr inbounds double, ptr %23, i64 %25, %27 = load double, ptr %26, align 8, %28 = call i32 (ptr, ptr, ...) @fprintf(ptr noundef %22, ptr noundef @.str.5, double noundef %27) #7, br label %29, %30 = load i32, ptr %5, align 4, %31 = add nsw i32 %30, 1, store i32 %31, ptr %5, align 4, br label %10, ",[4;4;3;8;4],[1;1;1;1;1],[0;0;1;1;0],[1;1;1;1;1],[1;1;1;1;1],[2;2;1;1;1],[2;1;1;2;1],[1;2;3;3;4],[2;3;4;4;5],[3;5;0;2;3],[0;0;0;1;0],[2;1;4;8;2],[0;0;0;0;0],[0;0;0;0;0],[0;0;0;0;0],[0;0;0;0;0],[1;1;1;1;1],[0;0;0;0;0],[0;0;0;0;0],[0;0;0;0;0],[0;0;0;0;0],[0;0;0;0;0],[0;0;0;0;0],[0;0;0;0;0],[0;0;0;0;0],[0;0;0;0;0],[0;0;0;0;0],[0;0;0;0;1],[0;0;0;0;0],[0;0;0;0;0],[0;0;0;0;0],[0;0;0;0;0],[0;0;0;0;0],[0;0;0;0;0],[0;0;0;0;0],[0;0;0;0;0],[0;0;0;0;0],[0;1;0;0;0],[0;0;0;0;0],[0;0;0;0;0],[0;0;0;0;0],[0;0;0;0;0],[0;0;0;0;0],[0;0;0;0;0],[0;0;0;0;0],[0;0;0;0;0],[2;1;1;4;1],[0;0;0;0;1],[0;0;0;1;0],[0;0;0;0;0],[0;0;0;0;0],[0;0;0;0;0],[0;0;0;0;0],[0;0;0;0;0],[0;0;0;1;0],[0;0;0;0;0],[0;0;0;0;0],[0;0;0;0;0],[0;0;0;0;0],[0;0;0;0;0],[0;0;0;0;0],[0;0;0;0;0],[0;0;0;0;0],[0;0;0;0;0],[0;0;0;0;0],[0;0;0;0;0],[0;0;0;0;0],[1;1;0;0;0],[0;0;0;0;0],[0;0;0;0;0],[0;0;1;1;0],[0;0;0;0;0],[0;0;0;0;0],[0;0;0;0;0],[0;0;0;0;0],[0;0;0;0;0],[0;0;0;0;0],[0;0;0;0;0],[0;0;0;0;0],[0;0;0;0;0],[0;0;0;0;0],[0;0;0;0;0]
llvm-link,print_array,1,0,4,"%11 = load i32, ptr %5, align 4, %12 = load i32, ptr %3, align 4, %13 = icmp slt i32 %11, %12, br i1 %13, label %14, label %32, %15 = load i32, ptr %5, align 4, %16 = srem i32 %15, 20, %17 = icmp eq i32 %16, 0, br i1 %17, label %18, label %21, %22 = load ptr, ptr @stderr, align 8, %23 = load ptr, ptr %4, align 8, %24 = load i32, ptr %5, align 4, %25 = sext i32 %24 to i64, %26 = getelementptr inbounds double, ptr %23, i64 %25, %27 = load double, ptr %26, align 8, %28 = call i32 (ptr, ptr, ...) @fprintf(ptr noundef %22, ptr noundef @.str.5, double noundef %27) #7, br label %29, %30 = load i32, ptr %5, align 4, %31 = add nsw i32 %30, 1, store i32 %31, ptr %5, align 4, br label %10, ",[4;4;8;4],[1;1;1;1],[0;0;1;0],[1;1;1;1],[1;1;1;1],[2;2;1;1],[2;1;2;1],[1;2;3;4],[2;3;4;5],[3;5;2;3],[0;0;1;0],[2;1;8;2],[0;0;0;0],[0;0;0;0],[0;0;0;0],[0;0;0;0],[1;1;1;1],[0;0;0;0],[0;0;0;0],[0;0;0;0],[0;0;0;0],[0;0;0;0],[0;0;0;0],[0;0;0;0],[0;0;0;0],[0;0;0;0],[0;0;0;0],[0;0;0;1],[0;0;0;0],[0;0;0;0],[0;0;0;0],[0;0;0;0],[0;0;0;0],[0;0;0;0],[0;0;0;0],[0;0;0;0],[0;0;0;0],[0;1;0;0],[0;0;0;0],[0;0;0;0],[0;0;0;0],[0;0;0;0],[0;0;0;0],[0;0;0;0],[0;0;0;0],[0;0;0;0],[2;1;4;1],[0;0;0;1],[0;0;1;0],[0;0;0;0],[0;0;0;0],[0;0;0;0],[0;0;0;0],[0;0;0;0],[0;0;1;0],[0;0;0;0],[0;0;0;0],[0;0;0;0],[0;0;0;0],[0;0;0;0],[0;0;0;0],[0;0;0;0],[0;0;0;0],[0;0;0;0],[0;0;0;0],[0;0;0;0],[0;0;0;0],[1;1;0;0],[0;0;0;0],[0;0;0;0],[0;0;1;0],[0;0;0;0],[0;0;0;0],[0;0;0;0],[0;0;0;0],[0;0;0;0],[0;0;0;0],[0;0;0;0],[0;0;0;0],[0;0;0;0],[0;0;0;0],[0;0;0;0]
llvm-link,print_array,1,0,2,"%11 = load i32, ptr %5, align 4, %12 = load i32, ptr %3, align 4, %13 = icmp slt i32 %11, %12, br i1 %13, label %14, label %32, %33 = load ptr, ptr @stderr, align 8, %34 = call i32 (ptr, ptr, ...) @fprintf(ptr noundef %33, ptr noundef @.str.6, ptr noundef @.str.3) #7, %35 = load ptr, ptr @stderr, align 8, %36 = call i32 (ptr, ptr, ...) @fprintf(ptr noundef %35, ptr noundef @.str.7) #7, ret void, ",[4;5],[1;0],[0;2],[1;0],[1;0],[2;0],[2;1],[1;2],[2;3],[3;0],[0;0],[2;9],[0;0],[0;0],[0;0],[0;1],[1;0],[0;0],[0;0],[0;0],[0;0],[0;0],[0;0],[0;0],[0;0],[0;0],[0;0],[0;0],[0;0],[0;0],[0;0],[0;0],[0;0],[0;0],[0;0],[0;0],[0;0],[0;0],[0;0],[0;0],[0;0],[0;0],[0;0],[0;0],[0;0],[0;0],[2;2],[0;0],[0;0],[0;0],[0;0],[0;0],[0;0],[0;0],[0;0],[0;0],[0;0],[0;0],[0;0],[0;0],[0;0],[0;0],[0;0],[0;0],[0;0],[0;0],[0;0],[1;0],[0;0],[0;0],[0;2],[0;0],[0;0],[0;0],[0;0],[0;0],[0;0],[0;0],[0;0],[0;0],[0;0],[0;0]
llvm-link,polybench_flush_cache,0,0,4,"%1 = alloca i32, align 4 %2 = alloca ptr, align 8 %3 = alloca i32, align 4 %4 = alloca double, align 8 store i32 4194560, ptr %1, align 4, %5 = load i32, ptr %1, align 4, %6 = sext i32 %5 to i64, %7 = call noalias ptr @calloc(i64 noundef %6, i64 noundef 8) #7, store ptr %7, ptr %2, align 8, store double 0.000000e+00, ptr %4, align 8, store i32 0, ptr %3, align 4, br label %8, %9 = load i32, ptr %3, align 4, %10 = load i32, ptr %1, align 4, %11 = icmp slt i32 %9, %10, br i1 %11, label %12, label %23, %13 = load ptr, ptr %2, align 8, %14 = load i32, ptr %3, align 4, %15 = sext i32 %14 to i64, %16 = getelementptr inbounds double, ptr %13, i64 %15, %17 = load double, ptr %16, align 8, %18 = load double, ptr %4, align 8, %19 = fadd double %18, %17, store double %19, ptr %4, align 8, br label %20, %21 = load i32, ptr %3, align 4, %22 = add nsw i32 %21, 1, store i32 %22, ptr %3, align 4, br label %8, ",[12;4;9;4],[1;1;1;1],[1;0;0;0],[0;1;1;1],[0;1;1;1],[1;2;1;1],[0;2;1;1],[0;1;2;3],[1;2;3;4],[9;3;2;3],[1;0;3;0],[7;2;6;2],[0;0;0;0],[0;0;0;0],[0;0;0;0],[0;0;0;0],[1;1;1;1],[0;0;0;0],[0;0;0;0],[0;0;0;0],[0;0;0;0],[0;0;0;0],[0;0;0;0],[0;0;0;0],[0;0;0;0],[0;0;0;0],[0;0;0;0],[0;0;0;1],[0;0;1;0],[0;0;0;0],[0;0;0;0],[0;0;0;0],[0;0;0;0],[0;0;0;0],[0;0;0;0],[0;0;0;0],[0;0;0;0],[0;0;0;0],[0;0;0;0],[0;0;0;0],[0;0;0;0],[0;0;0;0],[0;0;0;0],[0;0;0;0],[0;0;0;0],[4;0;0;0],[1;2;4;1],[4;0;1;1],[0;0;1;0],[0;0;0;0],[0;0;0;0],[0;0;0;0],[0;0;0;0],[0;0;0;0],[1;0;1;0],[0;0;0;0],[0;0;0;0],[0;0;0;0],[0;0;0;0],[0;0;0;0],[0;0;0;0],[0;0;0;0],[0;0;0;0],[0;0;0;0],[0;0;0;0],[0;0;0;0],[0;0;0;0],[0;1;0;0],[0;0;0;0],[0;0;0;0],[1;0;0;0],[0;0;0;0],[0;0;0;0],[0;0;0;0],[0;0;0;0],[0;0;0;0],[0;0;0;0],[0;0;0;0],[0;0;0;0],[0;0;0;0],[0;0;0;0],[0;0;0;0]
llvm-link,polybench_flush_cache,1,0,5,"%1 = alloca i32, align 4 %2 = alloca ptr, align 8 %3 = alloca i32, align 4 %4 = alloca double, align 8 store i32 4194560, ptr %1, align 4, %5 = load i32, ptr %1, align 4, %6 = sext i32 %5 to i64, %7 = call noalias ptr @calloc(i64 noundef %6, i64 noundef 8) #7, store ptr %7, ptr %2, align 8, store double 0.000000e+00, ptr %4, align 8, store i32 0, ptr %3, align 4, br label %8, %9 = load i32, ptr %3, align 4, %10 = load i32, ptr %1, align 4, %11 = icmp slt i32 %9, %10, br i1 %11, label %12, label %23, %24 = load double, ptr %4, align 8, %25 = fcmp ole double %24, 1.000000e+01, br i1 %25, label %26, label %27, br label %28, %29 = load ptr, ptr %2, align 8, call void @free(ptr noundef %29) #9, ret void, ",[12;4;3;1;3],[1;1;1;1;0],[1;0;0;0;1],[0;1;0;0;0],[0;1;0;0;0],[1;2;2;1;0],[0;2;1;1;1],[0;1;2;3;4],[1;2;3;4;5],[9;3;1;0;0],[1;0;2;0;0],[7;2;1;0;3],[0;0;0;0;0],[0;0;0;0;0],[0;0;0;0;0],[0;0;0;0;1],[1;1;1;1;0],[0;0;0;0;0],[0;0;0;0;0],[0;0;0;0;0],[0;0;0;0;0],[0;0;0;0;0],[0;0;0;0;0],[0;0;0;0;0],[0;0;0;0;0],[0;0;0;0;0],[0;0;0;0;0],[0;0;0;0;0],[0;0;0;0;0],[0;0;0;0;0],[0;0;0;0;0],[0;0;0;0;0],[0;0;0;0;0],[0;0;0;0;0],[0;0;0;0;0],[0;0;0;0;0],[0;0;0;0;0],[0;0;0;0;0],[0;0;0;0;0],[0;0;0;0;0],[0;0;0;0;0],[0;0;0;0;0],[0;0;0;0;0],[0;0;0;0;0],[0;0;0;0;0],[4;0;0;0;0],[1;2;1;0;1],[4;0;0;0;0],[0;0;0;0;0],[0;0;0;0;0],[0;0;0;0;0],[0;0;0;0;0],[0;0;0;0;0],[0;0;0;0;0],[1;0;0;0;0],[0;0;0;0;0],[0;0;0;0;0],[0;0;0;0;0],[0;0;0;0;0],[0;0;0;0;0],[0;0;0;0;0],[0;0;0;0;0],[0;0;0;0;0],[0;0;0;0;0],[0;0;0;0;0],[0;0;0;0;0],[0;0;0;0;0],[0;1;0;0;0],[0;0;1;0;0],[0;0;0;0;0],[1;0;0;0;1],[0;0;0;0;0],[0;0;0;0;0],[0;0;0;0;0],[0;0;0;0;0],[0;0;0;0;0],[0;0;0;0;0],[0;0;0;0;0],[0;0;0;0;0],[0;0;0;0;0],[0;0;0;0;0],[0;0;0;0;0]
llvm-link,polybench_flush_cache,2,0,4,"%1 = alloca i32, align 4 %2 = alloca ptr, align 8 %3 = alloca i32, align 4 %4 = alloca double, align 8 store i32 4194560, ptr %1, align 4, %5 = load i32, ptr %1, align 4, %6 = sext i32 %5 to i64, %7 = call noalias ptr @calloc(i64 noundef %6, i64 noundef 8) #7, store ptr %7, ptr %2, align 8, store double 0.000000e+00, ptr %4, align 8, store i32 0, ptr %3, align 4, br label %8, %9 = load i32, ptr %3, align 4, %10 = load i32, ptr %1, align 4, %11 = icmp slt i32 %9, %10, br i1 %11, label %12, label %23, %24 = load double, ptr %4, align 8, %25 = fcmp ole double %24, 1.000000e+01, br i1 %25, label %26, label %27, call void @__assert_fail(ptr noundef @.str.8, ptr noundef @.str.1.9, i32 noundef 123, ptr noundef @__PRETTY_FUNCTION__.polybench_flush_cache) #8, unreachable, ",[12;4;3;2],[1;1;1;0],[1;0;0;1],[0;1;0;0],[0;1;0;0],[1;2;2;0],[0;2;1;1],[0;1;2;3],[1;2;3;4],[9;3;1;1],[1;0;2;0],[7;2;1;4],[0;0;0;0],[0;0;0;0],[0;0;0;0],[0;0;0;0],[1;1;1;0],[0;0;0;0],[0;0;0;0],[0;0;0;0],[0;0;0;0],[0;0;0;1],[0;0;0;0],[0;0;0;0],[0;0;0;0],[0;0;0;0],[0;0;0;0],[0;0;0;0],[0;0;0;0],[0;0;0;0],[0;0;0;0],[0;0;0;0],[0;0;0;0],[0;0;0;0],[0;0;0;0],[0;0;0;0],[0;0;0;0],[0;0;0;0],[0;0;0;0],[0;0;0;0],[0;0;0;0],[0;0;0;0],[0;0;0;0],[0;0;0;0],[0;0;0;0],[4;0;0;0],[1;2;1;0],[4;0;0;0],[0;0;0;0],[0;0;0;0],[0;0;0;0],[0;0;0;0],[0;0;0;0],[0;0;0;0],[1;0;0;0],[0;0;0;0],[0;0;0;0],[0;0;0;0],[0;0;0;0],[0;0;0;0],[0;0;0;0],[0;0;0;0],[0;0;0;0],[0;0;0;0],[0;0;0;0],[0;0;0;0],[0;0;0;0],[0;1;0;0],[0;0;1;0],[0;0;0;0],[1;0;0;1],[0;0;0;0],[0;0;0;0],[0;0;0;0],[0;0;0;0],[0;0;0;0],[0;0;0;0],[0;0;0;0],[0;0;0;0],[0;0;0;0],[0;0;0;0],[0;0;0;0]
llvm-link,polybench_flush_cache,0,0,3,"%9 = load i32, ptr %3, align 4, %10 = load i32, ptr %1, align 4, %11 = icmp slt i32 %9, %10, br i1 %11, label %12, label %23, %13 = load ptr, ptr %2, align 8, %14 = load i32, ptr %3, align 4, %15 = sext i32 %14 to i64, %16 = getelementptr inbounds double, ptr %13, i64 %15, %17 = load double, ptr %16, align 8, %18 = load double, ptr %4, align 8, %19 = fadd double %18, %17, store double %19, ptr %4, align 8, br label %20, %21 = load i32, ptr %3, align 4, %22 = add nsw i32 %21, 1, store i32 %22, ptr %3, align 4, br label %8, ",[4;9;4],[1;1;1],[0;0;0],[1;1;1],[1;1;1],[2;1;1],[2;1;1],[1;2;3],[2;3;4],[3;2;3],[0;3;0],[2;6;2],[0;0;0],[0;0;0],[0;0;0],[0;0;0],[1;1;1],[0;0;0],[0;0;0],[0;0;0],[0;0;0],[0;0;0],[0;0;0],[0;0;0],[0;0;0],[0;0;0],[0;0;0],[0;0;1],[0;1;0],[0;0;0],[0;0;0],[0;0;0],[0;0;0],[0;0;0],[0;0;0],[0;0;0],[0;0;0],[0;0;0],[0;0;0],[0;0;0],[0;0;0],[0;0;0],[0;0;0],[0;0;0],[0;0;0],[0;0;0],[2;4;1],[0;1;1],[0;1;0],[0;0;0],[0;0;0],[0;0;0],[0;0;0],[0;0;0],[0;1;0],[0;0;0],[0;0;0],[0;0;0],[0;0;0],[0;0;0],[0;0;0],[0;0;0],[0;0;0],[0;0;0],[0;0;0],[0;0;0],[0;0;0],[1;0;0],[0;0;0],[0;0;0],[0;0;0],[0;0;0],[0;0;0],[0;0;0],[0;0;0],[0;0;0],[0;0;0],[0;0;0],[0;0;0],[0;0;0],[0;0;0],[0;0;0]
llvm-link,polybench_flush_cache,1,0,4,"%9 = load i32, ptr %3, align 4, %10 = load i32, ptr %1, align 4, %11 = icmp slt i32 %9, %10, br i1 %11, label %12, label %23, %24 = load double, ptr %4, align 8, %25 = fcmp ole double %24, 1.000000e+01, br i1 %25, label %26, label %27, br label %28, %29 = load ptr, ptr %2, align 8, call void @free(ptr noundef %29) #9, ret void, ",[4;3;1;3],[1;1;1;0],[0;0;0;1],[1;0;0;0],[1;0;0;0],[2;2;1;0],[2;1;1;1],[1;2;3;4],[2;3;4;5],[3;1;0;0],[0;2;0;0],[2;1;0;3],[0;0;0;0],[0;0;0;0],[0;0;0;0],[0;0;0;1],[1;1;1;0],[0;0;0;0],[0;0;0;0],[0;0;0;0],[0;0;0;0],[0;0;0;0],[0;0;0;0],[0;0;0;0],[0;0;0;0],[0;0;0;0],[0;0;0;0],[0;0;0;0],[0;0;0;0],[0;0;0;0],[0;0;0;0],[0;0;0;0],[0;0;0;0],[0;0;0;0],[0;0;0;0],[0;0;0;0],[0;0;0;0],[0;0;0;0],[0;0;0;0],[0;0;0;0],[0;0;0;0],[0;0;0;0],[0;0;0;0],[0;0;0;0],[0;0;0;0],[0;0;0;0],[2;1;0;1],[0;0;0;0],[0;0;0;0],[0;0;0;0],[0;0;0;0],[0;0;0;0],[0;0;0;0],[0;0;0;0],[0;0;0;0],[0;0;0;0],[0;0;0;0],[0;0;0;0],[0;0;0;0],[0;0;0;0],[0;0;0;0],[0;0;0;0],[0;0;0;0],[0;0;0;0],[0;0;0;0],[0;0;0;0],[0;0;0;0],[1;0;0;0],[0;1;0;0],[0;0;0;0],[0;0;0;1],[0;0;0;0],[0;0;0;0],[0;0;0;0],[0;0;0;0],[0;0;0;0],[0;0;0;0],[0;0;0;0],[0;0;0;0],[0;0;0;0],[0;0;0;0],[0;0;0;0]
llvm-link,polybench_flush_cache,2,0,3,"%9 = load i32, ptr %3, align 4, %10 = load i32, ptr %1, align 4, %11 = icmp slt i32 %9, %10, br i1 %11, label %12, label %23, %24 = load double, ptr %4, align 8, %25 = fcmp ole double %24, 1.000000e+01, br i1 %25, label %26, label %27, call void @__assert_fail(ptr noundef @.str.8, ptr noundef @.str.1.9, i32 noundef 123, ptr noundef @__PRETTY_FUNCTION__.polybench_flush_cache) #8, unreachable, ",[4;3;2],[1;1;0],[0;0;1],[1;0;0],[1;0;0],[2;2;0],[2;1;1],[1;2;3],[2;3;4],[3;1;1],[0;2;0],[2;1;4],[0;0;0],[0;0;0],[0;0;0],[0;0;0],[1;1;0],[0;0;0],[0;0;0],[0;0;0],[0;0;0],[0;0;1],[0;0;0],[0;0;0],[0;0;0],[0;0;0],[0;0;0],[0;0;0],[0;0;0],[0;0;0],[0;0;0],[0;0;0],[0;0;0],[0;0;0],[0;0;0],[0;0;0],[0;0;0],[0;0;0],[0;0;0],[0;0;0],[0;0;0],[0;0;0],[0;0;0],[0;0;0],[0;0;0],[0;0;0],[2;1;0],[0;0;0],[0;0;0],[0;0;0],[0;0;0],[0;0;0],[0;0;0],[0;0;0],[0;0;0],[0;0;0],[0;0;0],[0;0;0],[0;0;0],[0;0;0],[0;0;0],[0;0;0],[0;0;0],[0;0;0],[0;0;0],[0;0;0],[0;0;0],[1;0;0],[0;1;0],[0;0;0],[0;0;1],[0;0;0],[0;0;0],[0;0;0],[0;0;0],[0;0;0],[0;0;0],[0;0;0],[0;0;0],[0;0;0],[0;0;0],[0;0;0]
llvm-link,polybench_prepare_instruments,0,0,1,"call void @polybench_flush_cache(), ret void, ",[2],[0],[1],[0],[0],[0],[0],[0],[1],[0],[0],[1],[0],[0],[0],[1],[0],[0],[0],[0],[0],[0],[0],[0],[0],[0],[0],[0],[0],[0],[0],[0],[0],[0],[0],[0],[0],[0],[0],[0],[0],[0],[0],[0],[0],[0],[0],[0],[0],[0],[0],[0],[0],[0],[0],[0],[0],[0],[0],[0],[0],[0],[0],[0],[0],[0],[0],[0],[0],[0],[1],[0],[0],[0],[0],[0],[0],[0],[0],[0],[0],[0]
llvm-link,polybench_timer_start,0,0,1,"call void @polybench_prepare_instruments(), %1 = call double @rtclock(), store double %1, ptr @polybench_t_start, align 8, ret void, ",[4],[0],[2],[0],[0],[0],[0],[0],[1],[0],[1],[3],[0],[0],[0],[1],[0],[0],[0],[0],[0],[0],[0],[0],[0],[0],[0],[0],[0],[0],[0],[0],[0],[0],[0],[0],[0],[0],[0],[0],[0],[0],[0],[0],[0],[0],[0],[1],[0],[0],[0],[0],[0],[0],[0],[0],[0],[0],[0],[0],[0],[0],[0],[0],[0],[0],[0],[0],[0],[0],[2],[0],[0],[0],[0],[0],[0],[0],[0],[0],[0],[0]
llvm-link,rtclock,0,0,1,"ret double 0.000000e+00, ",[1],[0],[0],[0],[0],[0],[0],[0],[1],[0],[1],[0],[0],[0],[0],[1],[0],[0],[0],[0],[0],[0],[0],[0],[0],[0],[0],[0],[0],[0],[0],[0],[0],[0],[0],[0],[0],[0],[0],[0],[0],[0],[0],[0],[0],[0],[0],[0],[0],[0],[0],[0],[0],[0],[0],[0],[0],[0],[0],[0],[0],[0],[0],[0],[0],[0],[0],[0],[0],[0],[0],[0],[0],[0],[0],[0],[0],[0],[0],[0],[0],[0]
llvm-link,polybench_timer_stop,0,0,1,"%1 = call double @rtclock(), store double %1, ptr @polybench_t_end, align 8, ret void, ",[3],[0],[1],[0],[0],[0],[0],[0],[1],[0],[1],[2],[0],[0],[0],[1],[0],[0],[0],[0],[0],[0],[0],[0],[0],[0],[0],[0],[0],[0],[0],[0],[0],[0],[0],[0],[0],[0],[0],[0],[0],[0],[0],[0],[0],[0],[0],[1],[0],[0],[0],[0],[0],[0],[0],[0],[0],[0],[0],[0],[0],[0],[0],[0],[0],[0],[0],[0],[0],[0],[1],[0],[0],[0],[0],[0],[0],[0],[0],[0],[0],[0]
llvm-link,polybench_timer_print,0,0,1,"%1 = load double, ptr @polybench_t_end, align 8, %2 = load double, ptr @polybench_t_start, align 8, %3 = fsub double %1, %2, %4 = call i32 (ptr, ...) @printf(ptr noundef @.str.2.10, double noundef %3), ret void, ",[5],[0],[1],[0],[0],[0],[0],[0],[1],[0],[3],[4],[0],[0],[0],[1],[0],[0],[0],[0],[0],[0],[0],[0],[0],[0],[0],[0],[0],[0],[1],[0],[0],[0],[0],[0],[0],[0],[0],[0],[0],[0],[0],[0],[0],[0],[2],[0],[0],[0],[0],[0],[0],[0],[0],[0],[0],[0],[0],[0],[0],[0],[0],[0],[0],[0],[0],[0],[0],[0],[1],[0],[0],[0],[0],[0],[0],[0],[0],[0],[0],[0]
llvm-link,polybench_free_data,0,0,1,"%2 = alloca ptr, align 8 store ptr %0, ptr %2, align 8 %3 = load ptr, ptr %2, align 8, call void @free(ptr noundef %3) #7, ret void, ",[5],[0],[1],[0],[0],[0],[0],[0],[1],[1],[0],[5],[0],[0],[0],[1],[0],[0],[0],[0],[0],[0],[0],[0],[0],[0],[0],[0],[0],[0],[0],[0],[0],[0],[0],[0],[0],[0],[0],[0],[0],[0],[0],[0],[0],[1],[1],[1],[0],[0],[0],[0],[0],[0],[0],[0],[0],[0],[0],[0],[0],[0],[0],[0],[0],[0],[0],[0],[0],[0],[1],[0],[0],[0],[0],[0],[0],[0],[0],[0],[0],[0]
llvm-link,polybench_alloc_data,0,1,1,"%3 = alloca i64, align 8 %4 = alloca i32, align 4 %5 = alloca i64, align 8 %6 = alloca ptr, align 8 store i64 %0, ptr %3, align 8 store i32 %1, ptr %4, align 4 %7 = load i64, ptr %3, align 8, store i64 %7, ptr %5, align 8, %8 = load i32, ptr %4, align 4, %9 = sext i32 %8 to i64, %10 = load i64, ptr %5, align 8, %11 = mul i64 %10, %9, store i64 %11, ptr %5, align 8, %12 = load i64, ptr %5, align 8, %13 = call ptr @xmalloc(i64 noundef %12), store ptr %13, ptr %6, align 8, %14 = load ptr, ptr %6, align 8, ret ptr %14, ",[18],[0],[1],[0],[0],[0],[0],[0],[1],[12],[0],[13],[0],[0],[0],[1],[0],[0],[0],[0],[0],[0],[0],[0],[0],[0],[0],[0],[0],[0],[0],[1],[0],[0],[0],[0],[0],[0],[0],[0],[0],[0],[0],[0],[0],[4],[5],[5],[0],[0],[0],[0],[0],[0],[1],[0],[0],[0],[0],[0],[0],[0],[0],[0],[0],[0],[0],[0],[0],[0],[1],[0],[0],[0],[0],[0],[0],[0],[0],[0],[0],[0]
llvm-link,xmalloc,0,0,3,"%2 = alloca i64, align 8 %3 = alloca ptr, align 8 %4 = alloca i64, align 8 %5 = alloca i32, align 4 store i64 %0, ptr %2, align 8 store ptr null, ptr %3, align 8, %6 = load i64, ptr @polybench_inter_array_padding_sz, align 8, %7 = add i64 %6, 0, store i64 %7, ptr @polybench_inter_array_padding_sz, align 8, %8 = load i64, ptr %2, align 8, %9 = load i64, ptr @polybench_inter_array_padding_sz, align 8, %10 = add i64 %8, %9, store i64 %10, ptr %4, align 8, %11 = load i64, ptr %4, align 8, %12 = call i32 @posix_memalign(ptr noundef %3, i64 noundef 4096, i64 noundef %11) #7, store i32 %12, ptr %5, align 4, %13 = load ptr, ptr %3, align 8, %14 = icmp ne ptr %13, null, br i1 %14, label %15, label %18, %16 = load i32, ptr %5, align 4, %17 = icmp ne i32 %16, 0, br i1 %17, label %18, label %21, %19 = load ptr, ptr @stderr, align 8, %20 = call i32 (ptr, ptr, ...) @fprintf(ptr noundef %19, ptr noundef @.str.3.13) #7, call void @exit(i32 noundef 1) #8, unreachable, ",[19;3;4],[1;1;0],[1;0;2],[0;0;0],[0;0;0],[2;2;0],[0;1;2],[0;1;1],[1;2;2],[15;3;1],[0;0;0],[15;1;5],[0;0;0],[0;0;0],[0;0;0],[0;0;0],[1;1;0],[0;0;0],[0;0;0],[0;0;0],[0;0;0],[0;0;1],[0;0;0],[0;0;0],[0;0;0],[0;0;0],[0;0;0],[2;0;0],[0;0;0],[0;0;0],[0;0;0],[0;0;0],[0;0;0],[0;0;0],[0;0;0],[0;0;0],[0;0;0],[0;0;0],[0;0;0],[0;0;0],[0;0;0],[0;0;0],[0;0;0],[0;0;0],[0;0;0],[4;0;0],[5;1;1],[5;0;0],[0;0;0],[0;0;0],[0;0;0],[0;0;0],[0;0;0],[0;0;0],[0;0;0],[0;0;0],[0;0;0],[0;0;0],[0;0;0],[0;0;0],[0;0;0],[0;0;0],[0;0;0],[0;0;0],[0;0;0],[0;0;0],[0;0;0],[1;1;0],[0;0;0],[0;0;0],[1;0;2],[0;0;0],[0;0;0],[0;0;0],[0;0;0],[0;0;0],[0;0;0],[0;0;0],[0;0;0],[0;0;0],[0;0;0],[0;0;0]
llvm-link,xmalloc,1,1,3,"%2 = alloca i64, align 8 %3 = alloca ptr, align 8 %4 = alloca i64, align 8 %5 = alloca i32, align 4 store i64 %0, ptr %2, align 8 store ptr null, ptr %3, align 8, %6 = load i64, ptr @polybench_inter_array_padding_sz, align 8, %7 = add i64 %6, 0, store i64 %7, ptr @polybench_inter_array_padding_sz, align 8, %8 = load i64, ptr %2, align 8, %9 = load i64, ptr @polybench_inter_array_padding_sz, align 8, %10 = add i64 %8, %9, store i64 %10, ptr %4, align 8, %11 = load i64, ptr %4, align 8, %12 = call i32 @posix_memalign(ptr noundef %3, i64 noundef 4096, i64 noundef %11) #7, store i32 %12, ptr %5, align 4, %13 = load ptr, ptr %3, align 8, %14 = icmp ne ptr %13, null, br i1 %14, label %15, label %18, %16 = load i32, ptr %5, align 4, %17 = icmp ne i32 %16, 0, br i1 %17, label %18, label %21, %22 = load ptr, ptr %3, align 8, ret ptr %22, ",[19;3;2],[1;1;0],[1;0;0],[0;0;0],[0;0;0],[2;2;0],[0;1;1],[0;1;2],[1;2;3],[15;3;0],[0;0;0],[15;1;2],[0;0;0],[0;0;0],[0;0;0],[0;0;1],[1;1;0],[0;0;0],[0;0;0],[0;0;0],[0;0;0],[0;0;0],[0;0;0],[0;0;0],[0;0;0],[0;0;0],[0;0;0],[2;0;0],[0;0;0],[0;0;0],[0;0;0],[0;0;0],[0;0;0],[0;0;0],[0;0;0],[0;0;0],[0;0;0],[0;0;0],[0;0;0],[0;0;0],[0;0;0],[0;0;0],[0;0;0],[0;0;0],[0;0;0],[4;0;0],[5;1;1],[5;0;0],[0;0;0],[0;0;0],[0;0;0],[0;0;0],[0;0;0],[0;0;0],[0;0;0],[0;0;0],[0;0;0],[0;0;0],[0;0;0],[0;0;0],[0;0;0],[0;0;0],[0;0;0],[0;0;0],[0;0;0],[0;0;0],[0;0;0],[1;1;0],[0;0;0],[0;0;0],[1;0;0],[0;0;0],[0;0;0],[0;0;0],[0;0;0],[0;0;0],[0;0;0],[0;0;0],[0;0;0],[0;0;0],[0;0;0],[0;0;0]
llvm-link,xmalloc,1,1,2,"%2 = alloca i64, align 8 %3 = alloca ptr, align 8 %4 = alloca i64, align 8 %5 = alloca i32, align 4 store i64 %0, ptr %2, align 8 store ptr null, ptr %3, align 8, %6 = load i64, ptr @polybench_inter_array_padding_sz, align 8, %7 = add i64 %6, 0, store i64 %7, ptr @polybench_inter_array_padding_sz, align 8, %8 = load i64, ptr %2, align 8, %9 = load i64, ptr @polybench_inter_array_padding_sz, align 8, %10 = add i64 %8, %9, store i64 %10, ptr %4, align 8, %11 = load i64, ptr %4, align 8, %12 = call i32 @posix_memalign(ptr noundef %3, i64 noundef 4096, i64 noundef %11) #7, store i32 %12, ptr %5, align 4, %13 = load ptr, ptr %3, align 8, %14 = icmp ne ptr %13, null, br i1 %14, label %15, label %18, %19 = load ptr, ptr @stderr, align 8, %20 = call i32 (ptr, ptr, ...) @fprintf(ptr noundef %19, ptr noundef @.str.3.13) #7, call void @exit(i32 noundef 1) #8, unreachable, ",[19;4],[1;0],[1;2],[0;0],[0;0],[2;0],[0;2],[0;1],[1;2],[15;1],[0;0],[15;5],[0;0],[0;0],[0;0],[0;0],[1;0],[0;0],[0;0],[0;0],[0;0],[0;1],[0;0],[0;0],[0;0],[0;0],[0;0],[2;0],[0;0],[0;0],[0;0],[0;0],[0;0],[0;0],[0;0],[0;0],[0;0],[0;0],[0;0],[0;0],[0;0],[0;0],[0;0],[0;0],[0;0],[4;0],[5;1],[5;0],[0;0],[0;0],[0;0],[0;0],[0;0],[0;0],[0;0],[0;0],[0;0],[0;0],[0;0],[0;0],[0;0],[0;0],[0;0],[0;0],[0;0],[0;0],[0;0],[1;0],[0;0],[0;0],[1;2],[0;0],[0;0],[0;0],[0;0],[0;0],[0;0],[0;0],[0;0],[0;0],[0;0],[0;0]
