program,function,path_id,path_len,path_ir,inst_count,branch_count,call_count,loop_depth,in_loop,num_succ,num_preds,dist_from_entry,dom_depth,int_operands,fp_operands,ptr_operands,vector_operands,phi_incoming,op_<Invalid operator> ,op_ret,op_br,op_switch,op_indirectbr,op_invoke,op_resume,op_unreachable,op_cleanupret,op_catchret,op_catchswitch,op_callbr,op_fneg,op_add,op_fadd,op_sub,op_fsub,op_mul,op_fmul,op_udiv,op_sdiv,op_fdiv,op_urem,op_srem,op_frem,op_shl,op_lshr,op_ashr,op_and,op_or,op_xor,op_alloca,op_load,op_store,op_getelementptr,op_fence,op_cmpxchg,op_atomicrmw,op_trunc,op_zext,op_sext,op_fptoui,op_fptosi,op_uitofp,op_sitofp,op_fptrunc,op_fpext,op_ptrtoint,op_inttoptr,op_bitcast,op_addrspacecast,op_cleanuppad,op_catchpad,op_icmp,op_fcmp,op_phi,op_call,op_select,op_<Invalid operator> ,op_<Invalid operator> ,op_va_arg,op_extractelement,op_insertelement,op_shufflevector,op_extractvalue,op_insertvalue,op_landingpad,op_freeze
llvm-link,main,0,4,"%3 = alloca i32, align 4 %4 = alloca i32, align 4 %5 = alloca ptr, align 8 %6 = alloca i32, align 4 %7 = alloca ptr, align 8 %8 = alloca ptr, align 8 store i32 0, ptr %3, align 4 store i32 %0, ptr %4, align 4 store ptr %1, ptr %5, align 8 store i32 2000, ptr %6, align 4, %9 = call ptr @polybench_alloc_data(i64 noundef 2000, i32 noundef 8), store ptr %9, ptr %7, align 8, %10 = call ptr @polybench_alloc_data(i64 noundef 2000, i32 noundef 8), store ptr %10, ptr %8, align 8, %11 = load i32, ptr %6, align 4, %12 = load ptr, ptr %7, align 8, %13 = getelementptr inbounds [2000 x double], ptr %12, i64 0, i64 0, call void @init_array(i32 noundef %11, ptr noundef %13), %14 = load i32, ptr %6, align 4, %15 = load ptr, ptr %7, align 8, %16 = getelementptr inbounds [2000 x double], ptr %15, i64 0, i64 0, %17 = load ptr, ptr %8, align 8, %18 = getelementptr inbounds [2000 x double], ptr %17, i64 0, i64 0, call void @kernel_durbin(i32 noundef %14, ptr noundef %16, ptr noundef %18), %19 = load i32, ptr %4, align 4, %20 = icmp sgt i32 %19, 42, br i1 %20, label %21, label %31, %22 = load ptr, ptr %5, align 8, %23 = getelementptr inbounds ptr, ptr %22, i64 0, %24 = load ptr, ptr %23, align 8, %25 = call i32 @strcmp(ptr noundef %24, ptr noundef @.str) #7, %26 = icmp ne i32 %25, 0, br i1 %26, label %31, label %27, %28 = load i32, ptr %6, align 4, %29 = load ptr, ptr %8, align 8, %30 = getelementptr inbounds [2000 x double], ptr %29, i64 0, i64 0, call void @print_array(i32 noundef %28, ptr noundef %30), br label %31, %32 = load ptr, ptr %7, align 8, call void @free(ptr noundef %32) #8, %33 = load ptr, ptr %8, align 8, call void @free(ptr noundef %33) #8, ret i32 0, ","[27;6;5;5]","[1;1;1;0]","[4;1;1;2]","[0;0;0;0]","[0;0;0;0]","[2;2;1;0]","[0;1;1;3]","[0;1;2;1]","[1;2;3;2]","[24;4;3;1]","[0;0;0;0]","[25;6;5;6]","[0;0;0;0]","[0;0;0;0]","[0;0;0;0]","[0;0;0;1]","[1;1;1;0]","[0;0;0;0]","[0;0;0;0]","[0;0;0;0]","[0;0;0;0]","[0;0;0;0]","[0;0;0;0]","[0;0;0;0]","[0;0;0;0]","[0;0;0;0]","[0;0;0;0]","[0;0;0;0]","[0;0;0;0]","[0;0;0;0]","[0;0;0;0]","[0;0;0;0]","[0;0;0;0]","[0;0;0;0]","[0;0;0;0]","[0;0;0;0]","[0;0;0;0]","[0;0;0;0]","[0;0;0;0]","[0;0;0;0]","[0;0;0;0]","[0;0;0;0]","[0;0;0;0]","[0;0;0;0]","[0;0;0;0]","[6;0;0;0]","[6;2;2;2]","[6;0;0;0]","[3;1;1;0]","[0;0;0;0]","[0;0;0;0]","[0;0;0;0]","[0;0;0;0]","[0;0;0;0]","[0;0;0;0]","[0;0;0;0]","[0;0;0;0]","[0;0;0;0]","[0;0;0;0]","[0;0;0;0]","[0;0;0;0]","[0;0;0;0]","[0;0;0;0]","[0;0;0;0]","[0;0;0;0]","[0;0;0;0]","[0;0;0;0]","[1;1;0;0]","[0;0;0;0]","[0;0;0;0]","[4;1;1;2]","[0;0;0;0]","[0;0;0;0]","[0;0;0;0]","[0;0;0;0]","[0;0;0;0]","[0;0;0;0]","[0;0;0;0]","[0;0;0;0]","[0;0;0;0]","[0;0;0;0]","[0;0;0;0]"
llvm-link,main,1,3,"%3 = alloca i32, align 4 %4 = alloca i32, align 4 %5 = alloca ptr, align 8 %6 = alloca i32, align 4 %7 = alloca ptr, align 8 %8 = alloca ptr, align 8 store i32 0, ptr %3, align 4 store i32 %0, ptr %4, align 4 store ptr %1, ptr %5, align 8 store i32 2000, ptr %6, align 4, %9 = call ptr @polybench_alloc_data(i64 noundef 2000, i32 noundef 8), store ptr %9, ptr %7, align 8, %10 = call ptr @polybench_alloc_data(i64 noundef 2000, i32 noundef 8), store ptr %10, ptr %8, align 8, %11 = load i32, ptr %6, align 4, %12 = load ptr, ptr %7, align 8, %13 = getelementptr inbounds [2000 x double], ptr %12, i64 0, i64 0, call void @init_array(i32 noundef %11, ptr noundef %13), %14 = load i32, ptr %6, align 4, %15 = load ptr, ptr %7, align 8, %16 = getelementptr inbounds [2000 x double], ptr %15, i64 0, i64 0, %17 = load ptr, ptr %8, align 8, %18 = getelementptr inbounds [2000 x double], ptr %17, i64 0, i64 0, call void @kernel_durbin(i32 noundef %14, ptr noundef %16, ptr noundef %18), %19 = load i32, ptr %4, align 4, %20 = icmp sgt i32 %19, 42, br i1 %20, label %21, label %31, %22 = load ptr, ptr %5, align 8, %23 = getelementptr inbounds ptr, ptr %22, i64 0, %24 = load ptr, ptr %23, align 8, %25 = call i32 @strcmp(ptr noundef %24, ptr noundef @.str) #7, %26 = icmp ne i32 %25, 0, br i1 %26, label %31, label %27, %32 = load ptr, ptr %7, align 8, call void @free(ptr noundef %32) #8, %33 = load ptr, ptr %8, align 8, call void @free(ptr noundef %33) #8, ret i32 0, ","[27;6;5]","[1;1;0]","[4;1;2]","[0;0;0]","[0;0;0]","[2;2;0]","[0;1;3]","[0;1;1]","[1;2;2]","[24;4;1]","[0;0;0]","[25;6;6]","[0;0;0]","[0;0;0]","[0;0;0]","[0;0;1]","[1;1;0]","[0;0;0]","[0;0;0]","[0;0;0]","[0;0;0]","[0;0;0]","[0;0;0]","[0;0;0]","[0;0;0]","[0;0;0]","[0;0;0]","[0;0;0]","[0;0;0]","[0;0;0]","[0;0;0]","[0;0;0]","[0;0;0]","[0;0;0]","[0;0;0]","[0;0;0]","[0;0;0]","[0;0;0]","[0;0;0]","[0;0;0]","[0;0;0]","[0;0;0]","[0;0;0]","[0;0;0]","[0;0;0]","[6;0;0]","[6;2;2]","[6;0;0]","[3;1;0]","[0;0;0]","[0;0;0]","[0;0;0]","[0;0;0]","[0;0;0]","[0;0;0]","[0;0;0]","[0;0;0]","[0;0;0]","[0;0;0]","[0;0;0]","[0;0;0]","[0;0;0]","[0;0;0]","[0;0;0]","[0;0;0]","[0;0;0]","[0;0;0]","[1;1;0]","[0;0;0]","[0;0;0]","[4;1;2]","[0;0;0]","[0;0;0]","[0;0;0]","[0;0;0]","[0;0;0]","[0;0;0]","[0;0;0]","[0;0;0]","[0;0;0]","[0;0;0]","[0;0;0]"
llvm-link,main,1,2,"%3 = alloca i32, align 4 %4 = alloca i32, align 4 %5 = alloca ptr, align 8 %6 = alloca i32, align 4 %7 = alloca ptr, align 8 %8 = alloca ptr, align 8 store i32 0, ptr %3, align 4 store i32 %0, ptr %4, align 4 store ptr %1, ptr %5, align 8 store i32 2000, ptr %6, align 4, %9 = call ptr @polybench_alloc_data(i64 noundef 2000, i32 noundef 8), store ptr %9, ptr %7, align 8, %10 = call ptr @polybench_alloc_data(i64 noundef 2000, i32 noundef 8), store ptr %10, ptr %8, align 8, %11 = load i32, ptr %6, align 4, %12 = load ptr, ptr %7, align 8, %13 = getelementptr inbounds [2000 x double], ptr %12, i64 0, i64 0, call void @init_array(i32 noundef %11, ptr noundef %13), %14 = load i32, ptr %6, align 4, %15 = load ptr, ptr %7, align 8, %16 = getelementptr inbounds [2000 x double], ptr %15, i64 0, i64 0, %17 = load ptr, ptr %8, align 8, %18 = getelementptr inbounds [2000 x double], ptr %17, i64 0, i64 0, call void @kernel_durbin(i32 noundef %14, ptr noundef %16, ptr noundef %18), %19 = load i32, ptr %4, align 4, %20 = icmp sgt i32 %19, 42, br i1 %20, label %21, label %31, %32 = load ptr, ptr %7, align 8, call void @free(ptr noundef %32) #8, %33 = load ptr, ptr %8, align 8, call void @free(ptr noundef %33) #8, ret i32 0, ","[27;5]","[1;0]","[4;2]","[0;0]","[0;0]","[2;0]","[0;3]","[0;1]","[1;2]","[24;1]","[0;0]","[25;6]","[0;0]","[0;0]","[0;0]","[0;1]","[1;0]","[0;0]","[0;0]","[0;0]","[0;0]","[0;0]","[0;0]","[0;0]","[0;0]","[0;0]","[0;0]","[0;0]","[0;0]","[0;0]","[0;0]","[0;0]","[0;0]","[0;0]","[0;0]","[0;0]","[0;0]","[0;0]","[0;0]","[0;0]","[0;0]","[0;0]","[0;0]","[0;0]","[0;0]","[6;0]","[6;2]","[6;0]","[3;0]","[0;0]","[0;0]","[0;0]","[0;0]","[0;0]","[0;0]","[0;0]","[0;0]","[0;0]","[0;0]","[0;0]","[0;0]","[0;0]","[0;0]","[0;0]","[0;0]","[0;0]","[0;0]","[1;0]","[0;0]","[0;0]","[4;2]","[0;0]","[0;0]","[0;0]","[0;0]","[0;0]","[0;0]","[0;0]","[0;0]","[0;0]","[0;0]","[0;0]"
llvm-link,init_array,0,4,"%3 = alloca i32, align 4 %4 = alloca ptr, align 8 %5 = alloca i32, align 4 %6 = alloca i32, align 4 store i32 %0, ptr %3, align 4 store ptr %1, ptr %4, align 8 store i32 0, ptr %5, align 4, br label %7, %8 = load i32, ptr %5, align 4, %9 = load i32, ptr %3, align 4, %10 = icmp slt i32 %8, %9, br i1 %10, label %11, label %24, %12 = load i32, ptr %3, align 4, %13 = add nsw i32 %12, 1, %14 = load i32, ptr %5, align 4, %15 = sub nsw i32 %13, %14, %16 = sitofp i32 %15 to double, %17 = load ptr, ptr %4, align 8, %18 = load i32, ptr %5, align 4, %19 = sext i32 %18 to i64, %20 = getelementptr inbounds double, ptr %17, i64 %19, store double %16, ptr %20, align 8, br label %21, %22 = load i32, ptr %5, align 4, %23 = add nsw i32 %22, 1, store i32 %23, ptr %5, align 4, br label %7, ","[8;4;11;4]","[1;1;1;1]","[0;0;0;0]","[0;1;1;1]","[0;1;1;1]","[1;2;1;1]","[0;2;1;1]","[0;1;2;3]","[1;2;3;4]","[6;3;7;3]","[0;0;1;0]","[4;2;6;2]","[0;0;0;0]","[0;0;0;0]","[0;0;0;0]","[0;0;0;0]","[1;1;1;1]","[0;0;0;0]","[0;0;0;0]","[0;0;0;0]","[0;0;0;0]","[0;0;0;0]","[0;0;0;0]","[0;0;0;0]","[0;0;0;0]","[0;0;0;0]","[0;0;0;0]","[0;0;1;1]","[0;0;0;0]","[0;0;1;0]","[0;0;0;0]","[0;0;0;0]","[0;0;0;0]","[0;0;0;0]","[0;0;0;0]","[0;0;0;0]","[0;0;0;0]","[0;0;0;0]","[0;0;0;0]","[0;0;0;0]","[0;0;0;0]","[0;0;0;0]","[0;0;0;0]","[0;0;0;0]","[0;0;0;0]","[4;0;0;0]","[0;2;4;1]","[3;0;1;1]","[0;0;1;0]","[0;0;0;0]","[0;0;0;0]","[0;0;0;0]","[0;0;0;0]","[0;0;0;0]","[0;0;1;0]","[0;0;0;0]","[0;0;0;0]","[0;0;0;0]","[0;0;1;0]","[0;0;0;0]","[0;0;0;0]","[0;0;0;0]","[0;0;0;0]","[0;0;0;0]","[0;0;0;0]","[0;0;0;0]","[0;0;0;0]","[0;1;0;0]","[0;0;0;0]","[0;0;0;0]","[0;0;0;0]","[0;0;0;0]","[0;0;0;0]","[0;0;0;0]","[0;0;0;0]","[0;0;0;0]","[0;0;0;0]","[0;0;0;0]","[0;0;0;0]","[0;0;0;0]","[0;0;0;0]","[0;0;0;0]"
llvm-link,init_array,1,3,"%3 = alloca i32, align 4 %4 = alloca ptr, align 8 %5 = alloca i32, align 4 %6 = alloca i32, align 4 store i32 %0, ptr %3, align 4 store ptr %1, ptr %4, align 8 store i32 0, ptr %5, align 4, br label %7, %8 = load i32, ptr %5, align 4, %9 = load i32, ptr %3, align 4, %10 = icmp slt i32 %8, %9, br i1 %10, label %11, label %24, ret void, ","[8;4;1]","[1;1;0]","[0;0;0]","[0;1;0]","[0;1;0]","[1;2;0]","[0;2;1]","[0;1;2]","[1;2;3]","[6;3;0]","[0;0;0]","[4;2;0]","[0;0;0]","[0;0;0]","[0;0;0]","[0;0;1]","[1;1;0]","[0;0;0]","[0;0;0]","[0;0;0]","[0;0;0]","[0;0;0]","[0;0;0]","[0;0;0]","[0;0;0]","[0;0;0]","[0;0;0]","[0;0;0]","[0;0;0]","[0;0;0]","[0;0;0]","[0;0;0]","[0;0;0]","[0;0;0]","[0;0;0]","[0;0;0]","[0;0;0]","[0;0;0]","[0;0;0]","[0;0;0]","[0;0;0]","[0;0;0]","[0;0;0]","[0;0;0]","[0;0;0]","[4;0;0]","[0;2;0]","[3;0;0]","[0;0;0]","[0;0;0]","[0;0;0]","[0;0;0]","[0;0;0]","[0;0;0]","[0;0;0]","[0;0;0]","[0;0;0]","[0;0;0]","[0;0;0]","[0;0;0]","[0;0;0]","[0;0;0]","[0;0;0]","[0;0;0]","[0;0;0]","[0;0;0]","[0;0;0]","[0;1;0]","[0;0;0]","[0;0;0]","[0;0;0]","[0;0;0]","[0;0;0]","[0;0;0]","[0;0;0]","[0;0;0]","[0;0;0]","[0;0;0]","[0;0;0]","[0;0;0]","[0;0;0]","[0;0;0]"
llvm-link,init_array,0,3,"%8 = load i32, ptr %5, align 4, %9 = load i32, ptr %3, align 4, %10 = icmp slt i32 %8, %9, br i1 %10, label %11, label %24, %12 = load i32, ptr %3, align 4, %13 = add nsw i32 %12, 1, %14 = load i32, ptr %5, align 4, %15 = sub nsw i32 %13, %14, %16 = sitofp i32 %15 to double, %17 = load ptr, ptr %4, align 8, %18 = load i32, ptr %5, align 4, %19 = sext i32 %18 to i64, %20 = getelementptr inbounds double, ptr %17, i64 %19, store double %16, ptr %20, align 8, br label %21, %22 = load i32, ptr %5, align 4, %23 = add nsw i32 %22, 1, store i32 %23, ptr %5, align 4, br label %7, ","[4;11;4]","[1;1;1]","[0;0;0]","[1;1;1]","[1;1;1]","[2;1;1]","[2;1;1]","[1;2;3]","[2;3;4]","[3;7;3]","[0;1;0]","[2;6;2]","[0;0;0]","[0;0;0]","[0;0;0]","[0;0;0]","[1;1;1]","[0;0;0]","[0;0;0]","[0;0;0]","[0;0;0]","[0;0;0]","[0;0;0]","[0;0;0]","[0;0;0]","[0;0;0]","[0;0;0]","[0;1;1]","[0;0;0]","[0;1;0]","[0;0;0]","[0;0;0]","[0;0;0]","[0;0;0]","[0;0;0]","[0;0;0]","[0;0;0]","[0;0;0]","[0;0;0]","[0;0;0]","[0;0;0]","[0;0;0]","[0;0;0]","[0;0;0]","[0;0;0]","[0;0;0]","[2;4;1]","[0;1;1]","[0;1;0]","[0;0;0]","[0;0;0]","[0;0;0]","[0;0;0]","[0;0;0]","[0;1;0]","[0;0;0]","[0;0;0]","[0;0;0]","[0;1;0]","[0;0;0]","[0;0;0]","[0;0;0]","[0;0;0]","[0;0;0]","[0;0;0]","[0;0;0]","[0;0;0]","[1;0;0]","[0;0;0]","[0;0;0]","[0;0;0]","[0;0;0]","[0;0;0]","[0;0;0]","[0;0;0]","[0;0;0]","[0;0;0]","[0;0;0]","[0;0;0]","[0;0;0]","[0;0;0]","[0;0;0]"
llvm-link,init_array,1,2,"%8 = load i32, ptr %5, align 4, %9 = load i32, ptr %3, align 4, %10 = icmp slt i32 %8, %9, br i1 %10, label %11, label %24, ret void, ","[4;1]","[1;0]","[0;0]","[1;0]","[1;0]","[2;0]","[2;1]","[1;2]","[2;3]","[3;0]","[0;0]","[2;0]","[0;0]","[0;0]","[0;0]","[0;1]","[1;0]","[0;0]","[0;0]","[0;0]","[0;0]","[0;0]","[0;0]","[0;0]","[0;0]","[0;0]","[0;0]","[0;0]","[0;0]","[0;0]","[0;0]","[0;0]","[0;0]","[0;0]","[0;0]","[0;0]","[0;0]","[0;0]","[0;0]","[0;0]","[0;0]","[0;0]","[0;0]","[0;0]","[0;0]","[0;0]","[2;0]","[0;0]","[0;0]","[0;0]","[0;0]","[0;0]","[0;0]","[0;0]","[0;0]","[0;0]","[0;0]","[0;0]","[0;0]","[0;0]","[0;0]","[0;0]","[0;0]","[0;0]","[0;0]","[0;0]","[0;0]","[1;0]","[0;0]","[0;0]","[0;0]","[0;0]","[0;0]","[0;0]","[0;0]","[0;0]","[0;0]","[0;0]","[0;0]","[0;0]","[0;0]","[0;0]"
llvm-link,kernel_durbin,0,6,"%4 = alloca i32, align 4 %5 = alloca ptr, align 8 %6 = alloca ptr, align 8 %7 = alloca [2000 x double], align 16 %8 = alloca double, align 8 %9 = alloca double, align 8 %10 = alloca double, align 8 %11 = alloca i32, align 4 %12 = alloca i32, align 4 store i32 %0, ptr %4, align 4 store ptr %1, ptr %5, align 8 store ptr %2, ptr %6, align 8 %13 = load ptr, ptr %5, align 8, %14 = getelementptr inbounds double, ptr %13, i64 0, %15 = load double, ptr %14, align 8, %16 = fneg double %15, %17 = load ptr, ptr %6, align 8, %18 = getelementptr inbounds double, ptr %17, i64 0, store double %16, ptr %18, align 8, store double 1.000000e+00, ptr %9, align 8, %19 = load ptr, ptr %5, align 8, %20 = getelementptr inbounds double, ptr %19, i64 0, %21 = load double, ptr %20, align 8, %22 = fneg double %21, store double %22, ptr %8, align 8, store i32 1, ptr %12, align 4, br label %23, %24 = load i32, ptr %12, align 4, %25 = load i32, ptr %4, align 4, %26 = icmp slt i32 %24, %25, br i1 %26, label %27, label %120, %28 = load double, ptr %8, align 8, %29 = load double, ptr %8, align 8, %30 = fneg double %28, %31 = call double @llvm.fmuladd.f64(double %30, double %29, double 1.000000e+00), %32 = load double, ptr %9, align 8, %33 = fmul double %31, %32, store double %33, ptr %9, align 8, store double 0.000000e+00, ptr %10, align 8, store i32 0, ptr %11, align 4, br label %34, %35 = load i32, ptr %11, align 4, %36 = load i32, ptr %12, align 4, %37 = icmp slt i32 %35, %36, br i1 %37, label %38, label %57, %39 = load ptr, ptr %5, align 8, %40 = load i32, ptr %12, align 4, %41 = load i32, ptr %11, align 4, %42 = sub nsw i32 %40, %41, %43 = sub nsw i32 %42, 1, %44 = sext i32 %43 to i64, %45 = getelementptr inbounds double, ptr %39, i64 %44, %46 = load double, ptr %45, align 8, %47 = load ptr, ptr %6, align 8, %48 = load i32, ptr %11, align 4, %49 = sext i32 %48 to i64, %50 = getelementptr inbounds double, ptr %47, i64 %49, %51 = load double, ptr %50, align 8, %52 = load double, ptr %10, align 8, %53 = call double @llvm.fmuladd.f64(double %46, double %51, double %52), store double %53, ptr %10, align 8, br label %54, %55 = load i32, ptr %11, align 4, %56 = add nsw i32 %55, 1, store i32 %56, ptr %11, align 4, br label %34, ","[27;4;10;4;17;4]","[1;1;1;1;1;1]","[0;0;1;0;1;0]","[0;1;1;2;2;2]","[0;1;1;1;1;1]","[1;2;1;2;1;1]","[0;2;1;2;1;1]","[0;1;2;3;4;5]","[1;2;3;4;5;6]","[14;3;1;3;8;3]","[5;0;8;0;4;0]","[17;2;7;2;12;2]","[0;0;0;0;0;0]","[0;0;0;0;0;0]","[0;0;0;0;0;0]","[0;0;0;0;0;0]","[1;1;1;1;1;1]","[0;0;0;0;0;0]","[0;0;0;0;0;0]","[0;0;0;0;0;0]","[0;0;0;0;0;0]","[0;0;0;0;0;0]","[0;0;0;0;0;0]","[0;0;0;0;0;0]","[0;0;0;0;0;0]","[0;0;0;0;0;0]","[2;0;1;0;0;0]","[0;0;0;0;0;1]","[0;0;0;0;0;0]","[0;0;0;0;2;0]","[0;0;0;0;0;0]","[0;0;0;0;0;0]","[0;0;1;0;0;0]","[0;0;0;0;0;0]","[0;0;0;0;0;0]","[0;0;0;0;0;0]","[0;0;0;0;0;0]","[0;0;0;0;0;0]","[0;0;0;0;0;0]","[0;0;0;0;0;0]","[0;0;0;0;0;0]","[0;0;0;0;0;0]","[0;0;0;0;0;0]","[0;0;0;0;0;0]","[0;0;0;0;0;0]","[9;0;0;0;0;0]","[5;2;3;2;8;1]","[7;0;3;0;1;1]","[3;0;0;0;2;0]","[0;0;0;0;0;0]","[0;0;0;0;0;0]","[0;0;0;0;0;0]","[0;0;0;0;0;0]","[0;0;0;0;0;0]","[0;0;0;0;2;0]","[0;0;0;0;0;0]","[0;0;0;0;0;0]","[0;0;0;0;0;0]","[0;0;0;0;0;0]","[0;0;0;0;0;0]","[0;0;0;0;0;0]","[0;0;0;0;0;0]","[0;0;0;0;0;0]","[0;0;0;0;0;0]","[0;0;0;0;0;0]","[0;0;0;0;0;0]","[0;0;0;0;0;0]","[0;1;0;1;0;0]","[0;0;0;0;0;0]","[0;0;0;0;0;0]","[0;0;1;0;1;0]","[0;0;0;0;0;0]","[0;0;0;0;0;0]","[0;0;0;0;0;0]","[0;0;0;0;0;0]","[0;0;0;0;0;0]","[0;0;0;0;0;0]","[0;0;0;0;0;0]","[0;0;0;0;0;0]","[0;0;0;0;0;0]","[0;0;0;0;0;0]","[0;0;0;0;0;0]"
llvm-link,kernel_durbin,1,8,"%4 = alloca i32, align 4 %5 = alloca ptr, align 8 %6 = alloca ptr, align 8 %7 = alloca [2000 x double], align 16 %8 = alloca double, align 8 %9 = alloca double, align 8 %10 = alloca double, align 8 %11 = alloca i32, align 4 %12 = alloca i32, align 4 store i32 %0, ptr %4, align 4 store ptr %1, ptr %5, align 8 store ptr %2, ptr %6, align 8 %13 = load ptr, ptr %5, align 8, %14 = getelementptr inbounds double, ptr %13, i64 0, %15 = load double, ptr %14, align 8, %16 = fneg double %15, %17 = load ptr, ptr %6, align 8, %18 = getelementptr inbounds double, ptr %17, i64 0, store double %16, ptr %18, align 8, store double 1.000000e+00, ptr %9, align 8, %19 = load ptr, ptr %5, align 8, %20 = getelementptr inbounds double, ptr %19, i64 0, %21 = load double, ptr %20, align 8, %22 = fneg double %21, store double %22, ptr %8, align 8, store i32 1, ptr %12, align 4, br label %23, %24 = load i32, ptr %12, align 4, %25 = load i32, ptr %4, align 4, %26 = icmp slt i32 %24, %25, br i1 %26, label %27, label %120, %28 = load double, ptr %8, align 8, %29 = load double, ptr %8, align 8, %30 = fneg double %28, %31 = call double @llvm.fmuladd.f64(double %30, double %29, double 1.000000e+00), %32 = load double, ptr %9, align 8, %33 = fmul double %31, %32, store double %33, ptr %9, align 8, store double 0.000000e+00, ptr %10, align 8, store i32 0, ptr %11, align 4, br label %34, %35 = load i32, ptr %11, align 4, %36 = load i32, ptr %12, align 4, %37 = icmp slt i32 %35, %36, br i1 %37, label %38, label %57, %58 = load ptr, ptr %5, align 8, %59 = load i32, ptr %12, align 4, %60 = sext i32 %59 to i64, %61 = getelementptr inbounds double, ptr %58, i64 %60, %62 = load double, ptr %61, align 8, %63 = load double, ptr %10, align 8, %64 = fadd double %62, %63, %65 = fneg double %64, %66 = load double, ptr %9, align 8, %67 = fdiv double %65, %66, store double %67, ptr %8, align 8, store i32 0, ptr %11, align 4, br label %68, %69 = load i32, ptr %11, align 4, %70 = load i32, ptr %12, align 4, %71 = icmp slt i32 %69, %70, br i1 %71, label %72, label %94, %73 = load ptr, ptr %6, align 8, %74 = load i32, ptr %11, align 4, %75 = sext i32 %74 to i64, %76 = getelementptr inbounds double, ptr %73, i64 %75, %77 = load double, ptr %76, align 8, %78 = load double, ptr %8, align 8, %79 = load ptr, ptr %6, align 8, %80 = load i32, ptr %12, align 4, %81 = load i32, ptr %11, align 4, %82 = sub nsw i32 %80, %81, %83 = sub nsw i32 %82, 1, %84 = sext i32 %83 to i64, %85 = getelementptr inbounds double, ptr %79, i64 %84, %86 = load double, ptr %85, align 8, %87 = call double @llvm.fmuladd.f64(double %78, double %86, double %77), %88 = load i32, ptr %11, align 4, %89 = sext i32 %88 to i64, %90 = getelementptr inbounds [2000 x double], ptr %7, i64 0, i64 %89, store double %87, ptr %90, align 8, br label %91, %92 = load i32, ptr %11, align 4, %93 = add nsw i32 %92, 1, store i32 %93, ptr %11, align 4, br label %68, ","[27;4;10;4;13;4;20;4]","[1;1;1;1;1;1;1;1]","[0;0;1;0;0;0;1;0]","[0;1;1;2;1;2;2;2]","[0;1;1;1;1;1;1;1]","[1;2;1;2;1;2;1;1]","[0;2;1;2;1;2;1;1]","[0;1;2;3;4;5;6;7]","[1;2;3;4;5;6;7;8]","[14;3;1;3;3;3;11;3]","[5;0;8;0;6;0;4;0]","[17;2;7;2;8;2;14;2]","[0;0;0;0;0;0;0;0]","[0;0;0;0;0;0;0;0]","[0;0;0;0;0;0;0;0]","[0;0;0;0;0;0;0;0]","[1;1;1;1;1;1;1;1]","[0;0;0;0;0;0;0;0]","[0;0;0;0;0;0;0;0]","[0;0;0;0;0;0;0;0]","[0;0;0;0;0;0;0;0]","[0;0;0;0;0;0;0;0]","[0;0;0;0;0;0;0;0]","[0;0;0;0;0;0;0;0]","[0;0;0;0;0;0;0;0]","[0;0;0;0;0;0;0;0]","[2;0;1;0;1;0;0;0]","[0;0;0;0;0;0;0;1]","[0;0;0;0;1;0;0;0]","[0;0;0;0;0;0;2;0]","[0;0;0;0;0;0;0;0]","[0;0;0;0;0;0;0;0]","[0;0;1;0;0;0;0;0]","[0;0;0;0;0;0;0;0]","[0;0;0;0;0;0;0;0]","[0;0;0;0;1;0;0;0]","[0;0;0;0;0;0;0;0]","[0;0;0;0;0;0;0;0]","[0;0;0;0;0;0;0;0]","[0;0;0;0;0;0;0;0]","[0;0;0;0;0;0;0;0]","[0;0;0;0;0;0;0;0]","[0;0;0;0;0;0;0;0]","[0;0;0;0;0;0;0;0]","[0;0;0;0;0;0;0;0]","[9;0;0;0;0;0;0;0]","[5;2;3;2;5;2;9;1]","[7;0;3;0;2;0;1;1]","[3;0;0;0;1;0;3;0]","[0;0;0;0;0;0;0;0]","[0;0;0;0;0;0;0;0]","[0;0;0;0;0;0;0;0]","[0;0;0;0;0;0;0;0]","[0;0;0;0;0;0;0;0]","[0;0;0;0;1;0;3;0]","[0;0;0;0;0;0;0;0]","[0;0;0;0;0;0;0;0]","[0;0;0;0;0;0;0;0]","[0;0;0;0;0;0;0;0]","[0;0;0;0;0;0;0;0]","[0;0;0;0;0;0;0;0]","[0;0;0;0;0;0;0;0]","[0;0;0;0;0;0;0;0]","[0;0;0;0;0;0;0;0]","[0;0;0;0;0;0;0;0]","[0;0;0;0;0;0;0;0]","[0;0;0;0;0;0;0;0]","[0;1;0;1;0;1;0;0]","[0;0;0;0;0;0;0;0]","[0;0;0;0;0;0;0;0]","[0;0;1;0;0;0;1;0]","[0;0;0;0;0;0;0;0]","[0;0;0;0;0;0;0;0]","[0;0;0;0;0;0;0;0]","[0;0;0;0;0;0;0;0]","[0;0;0;0;0;0;0;0]","[0;0;0;0;0;0;0;0]","[0;0;0;0;0;0;0;0]","[0;0;0;0;0;0;0;0]","[0;0;0;0;0;0;0;0]","[0;0;0;0;0;0;0;0]","[0;0;0;0;0;0;0;0]"
llvm-link,kernel_durbin,2,10,"%4 = alloca i32, align 4 %5 = alloca ptr, align 8 %6 = alloca ptr, align 8 %7 = alloca [2000 x double], align 16 %8 = alloca double, align 8 %9 = alloca double, align 8 %10 = alloca double, align 8 %11 = alloca i32, align 4 %12 = alloca i32, align 4 store i32 %0, ptr %4, align 4 store ptr %1, ptr %5, align 8 store ptr %2, ptr %6, align 8 %13 = load ptr, ptr %5, align 8, %14 = getelementptr inbounds double, ptr %13, i64 0, %15 = load double, ptr %14, align 8, %16 = fneg double %15, %17 = load ptr, ptr %6, align 8, %18 = getelementptr inbounds double, ptr %17, i64 0, store double %16, ptr %18, align 8, store double 1.000000e+00, ptr %9, align 8, %19 = load ptr, ptr %5, align 8, %20 = getelementptr inbounds double, ptr %19, i64 0, %21 = load double, ptr %20, align 8, %22 = fneg double %21, store double %22, ptr %8, align 8, store i32 1, ptr %12, align 4, br label %23, %24 = load i32, ptr %12, align 4, %25 = load i32, ptr %4, align 4, %26 = icmp slt i32 %24, %25, br i1 %26, label %27, label %120, %28 = load double, ptr %8, align 8, %29 = load double, ptr %8, align 8, %30 = fneg double %28, %31 = call double @llvm.fmuladd.f64(double %30, double %29, double 1.000000e+00), %32 = load double, ptr %9, align 8, %33 = fmul double %31, %32, store double %33, ptr %9, align 8, store double 0.000000e+00, ptr %10, align 8, store i32 0, ptr %11, align 4, br label %34, %35 = load i32, ptr %11, align 4, %36 = load i32, ptr %12, align 4, %37 = icmp slt i32 %35, %36, br i1 %37, label %38, label %57, %58 = load ptr, ptr %5, align 8, %59 = load i32, ptr %12, align 4, %60 = sext i32 %59 to i64, %61 = getelementptr inbounds double, ptr %58, i64 %60, %62 = load double, ptr %61, align 8, %63 = load double, ptr %10, align 8, %64 = fadd double %62, %63, %65 = fneg double %64, %66 = load double, ptr %9, align 8, %67 = fdiv double %65, %66, store double %67, ptr %8, align 8, store i32 0, ptr %11, align 4, br label %68, %69 = load i32, ptr %11, align 4, %70 = load i32, ptr %12, align 4, %71 = icmp slt i32 %69, %70, br i1 %71, label %72, label %94, store i32 0, ptr %11, align 4, br label %95, %96 = load i32, ptr %11, align 4, %97 = load i32, ptr %12, align 4, %98 = icmp slt i32 %96, %97, br i1 %98, label %99, label %111, %100 = load i32, ptr %11, align 4, %101 = sext i32 %100 to i64, %102 = getelementptr inbounds [2000 x double], ptr %7, i64 0, i64 %101, %103 = load double, ptr %102, align 8, %104 = load ptr, ptr %6, align 8, %105 = load i32, ptr %11, align 4, %106 = sext i32 %105 to i64, %107 = getelementptr inbounds double, ptr %104, i64 %106, store double %103, ptr %107, align 8, br label %108, %109 = load i32, ptr %11, align 4, %110 = add nsw i32 %109, 1, store i32 %110, ptr %11, align 4, br label %95, ","[27;4;10;4;13;4;2;4;10;4]","[1;1;1;1;1;1;1;1;1;1]","[0;0;1;0;0;0;0;0;0;0]","[0;1;1;2;1;2;1;2;2;2]","[0;1;1;1;1;1;1;1;1;1]","[1;2;1;2;1;2;1;2;1;1]","[0;2;1;2;1;2;1;2;1;1]","[0;1;2;3;4;5;6;7;8;9]","[1;2;3;4;5;6;7;8;9;10]","[14;3;1;3;3;3;1;3;5;3]","[5;0;8;0;6;0;0;0;1;0]","[17;2;7;2;8;2;1;2;7;2]","[0;0;0;0;0;0;0;0;0;0]","[0;0;0;0;0;0;0;0;0;0]","[0;0;0;0;0;0;0;0;0;0]","[0;0;0;0;0;0;0;0;0;0]","[1;1;1;1;1;1;1;1;1;1]","[0;0;0;0;0;0;0;0;0;0]","[0;0;0;0;0;0;0;0;0;0]","[0;0;0;0;0;0;0;0;0;0]","[0;0;0;0;0;0;0;0;0;0]","[0;0;0;0;0;0;0;0;0;0]","[0;0;0;0;0;0;0;0;0;0]","[0;0;0;0;0;0;0;0;0;0]","[0;0;0;0;0;0;0;0;0;0]","[0;0;0;0;0;0;0;0;0;0]","[2;0;1;0;1;0;0;0;0;0]","[0;0;0;0;0;0;0;0;0;1]","[0;0;0;0;1;0;0;0;0;0]","[0;0;0;0;0;0;0;0;0;0]","[0;0;0;0;0;0;0;0;0;0]","[0;0;0;0;0;0;0;0;0;0]","[0;0;1;0;0;0;0;0;0;0]","[0;0;0;0;0;0;0;0;0;0]","[0;0;0;0;0;0;0;0;0;0]","[0;0;0;0;1;0;0;0;0;0]","[0;0;0;0;0;0;0;0;0;0]","[0;0;0;0;0;0;0;0;0;0]","[0;0;0;0;0;0;0;0;0;0]","[0;0;0;0;0;0;0;0;0;0]","[0;0;0;0;0;0;0;0;0;0]","[0;0;0;0;0;0;0;0;0;0]","[0;0;0;0;0;0;0;0;0;0]","[0;0;0;0;0;0;0;0;0;0]","[0;0;0;0;0;0;0;0;0;0]","[9;0;0;0;0;0;0;0;0;0]","[5;2;3;2;5;2;0;2;4;1]","[7;0;3;0;2;0;1;0;1;1]","[3;0;0;0;1;0;0;0;2;0]","[0;0;0;0;0;0;0;0;0;0]","[0;0;0;0;0;0;0;0;0;0]","[0;0;0;0;0;0;0;0;0;0]","[0;0;0;0;0;0;0;0;0;0]","[0;0;0;0;0;0;0;0;0;0]","[0;0;0;0;1;0;0;0;2;0]","[0;0;0;0;0;0;0;0;0;0]","[0;0;0;0;0;0;0;0;0;0]","[0;0;0;0;0;0;0;0;0;0]","[0;0;0;0;0;0;0;0;0;0]","[0;0;0;0;0;0;0;0;0;0]","[0;0;0;0;0;0;0;0;0;0]","[0;0;0;0;0;0;0;0;0;0]","[0;0;0;0;0;0;0;0;0;0]","[0;0;0;0;0;0;0;0;0;0]","[0;0;0;0;0;0;0;0;0;0]","[0;0;0;0;0;0;0;0;0;0]","[0;0;0;0;0;0;0;0;0;0]","[0;1;0;1;0;1;0;1;0;0]","[0;0;0;0;0;0;0;0;0;0]","[0;0;0;0;0;0;0;0;0;0]","[0;0;1;0;0;0;0;0;0;0]","[0;0;0;0;0;0;0;0;0;0]","[0;0;0;0;0;0;0;0;0;0]","[0;0;0;0;0;0;0;0;0;0]","[0;0;0;0;0;0;0;0;0;0]","[0;0;0;0;0;0;0;0;0;0]","[0;0;0;0;0;0;0;0;0;0]","[0;0;0;0;0;0;0;0;0;0]","[0;0;0;0;0;0;0;0;0;0]","[0;0;0;0;0;0;0;0;0;0]","[0;0;0;0;0;0;0;0;0;0]","[0;0;0;0;0;0;0;0;0;0]"
llvm-link,kernel_durbin,3,10,"%4 = alloca i32, align 4 %5 = alloca ptr, align 8 %6 = alloca ptr, align 8 %7 = alloca [2000 x double], align 16 %8 = alloca double, align 8 %9 = alloca double, align 8 %10 = alloca double, align 8 %11 = alloca i32, align 4 %12 = alloca i32, align 4 store i32 %0, ptr %4, align 4 store ptr %1, ptr %5, align 8 store ptr %2, ptr %6, align 8 %13 = load ptr, ptr %5, align 8, %14 = getelementptr inbounds double, ptr %13, i64 0, %15 = load double, ptr %14, align 8, %16 = fneg double %15, %17 = load ptr, ptr %6, align 8, %18 = getelementptr inbounds double, ptr %17, i64 0, store double %16, ptr %18, align 8, store double 1.000000e+00, ptr %9, align 8, %19 = load ptr, ptr %5, align 8, %20 = getelementptr inbounds double, ptr %19, i64 0, %21 = load double, ptr %20, align 8, %22 = fneg double %21, store double %22, ptr %8, align 8, store i32 1, ptr %12, align 4, br label %23, %24 = load i32, ptr %12, align 4, %25 = load i32, ptr %4, align 4, %26 = icmp slt i32 %24, %25, br i1 %26, label %27, label %120, %28 = load double, ptr %8, align 8, %29 = load double, ptr %8, align 8, %30 = fneg double %28, %31 = call double @llvm.fmuladd.f64(double %30, double %29, double 1.000000e+00), %32 = load double, ptr %9, align 8, %33 = fmul double %31, %32, store double %33, ptr %9, align 8, store double 0.000000e+00, ptr %10, align 8, store i32 0, ptr %11, align 4, br label %34, %35 = load i32, ptr %11, align 4, %36 = load i32, ptr %12, align 4, %37 = icmp slt i32 %35, %36, br i1 %37, label %38, label %57, %58 = load ptr, ptr %5, align 8, %59 = load i32, ptr %12, align 4, %60 = sext i32 %59 to i64, %61 = getelementptr inbounds double, ptr %58, i64 %60, %62 = load double, ptr %61, align 8, %63 = load double, ptr %10, align 8, %64 = fadd double %62, %63, %65 = fneg double %64, %66 = load double, ptr %9, align 8, %67 = fdiv double %65, %66, store double %67, ptr %8, align 8, store i32 0, ptr %11, align 4, br label %68, %69 = load i32, ptr %11, align 4, %70 = load i32, ptr %12, align 4, %71 = icmp slt i32 %69, %70, br i1 %71, label %72, label %94, store i32 0, ptr %11, align 4, br label %95, %96 = load i32, ptr %11, align 4, %97 = load i32, ptr %12, align 4, %98 = icmp slt i32 %96, %97, br i1 %98, label %99, label %111, %112 = load double, ptr %8, align 8, %113 = load ptr, ptr %6, align 8, %114 = load i32, ptr %12, align 4, %115 = sext i32 %114 to i64, %116 = getelementptr inbounds double, ptr %113, i64 %115, store double %112, ptr %116, align 8, br label %117, %118 = load i32, ptr %12, align 4, %119 = add nsw i32 %118, 1, store i32 %119, ptr %12, align 4, br label %23, ","[27;4;10;4;13;4;2;4;7;4]","[1;1;1;1;1;1;1;1;1;1]","[0;0;1;0;0;0;0;0;0;0]","[0;1;1;2;1;2;1;2;1;1]","[0;1;1;1;1;1;1;1;1;1]","[1;2;1;2;1;2;1;2;1;1]","[0;2;1;2;1;2;1;2;1;1]","[0;1;2;3;4;5;6;7;8;9]","[1;2;3;4;5;6;7;8;9;10]","[14;3;1;3;3;3;1;3;2;3]","[5;0;8;0;6;0;0;0;1;0]","[17;2;7;2;8;2;1;2;5;2]","[0;0;0;0;0;0;0;0;0;0]","[0;0;0;0;0;0;0;0;0;0]","[0;0;0;0;0;0;0;0;0;0]","[0;0;0;0;0;0;0;0;0;0]","[1;1;1;1;1;1;1;1;1;1]","[0;0;0;0;0;0;0;0;0;0]","[0;0;0;0;0;0;0;0;0;0]","[0;0;0;0;0;0;0;0;0;0]","[0;0;0;0;0;0;0;0;0;0]","[0;0;0;0;0;0;0;0;0;0]","[0;0;0;0;0;0;0;0;0;0]","[0;0;0;0;0;0;0;0;0;0]","[0;0;0;0;0;0;0;0;0;0]","[0;0;0;0;0;0;0;0;0;0]","[2;0;1;0;1;0;0;0;0;0]","[0;0;0;0;0;0;0;0;0;1]","[0;0;0;0;1;0;0;0;0;0]","[0;0;0;0;0;0;0;0;0;0]","[0;0;0;0;0;0;0;0;0;0]","[0;0;0;0;0;0;0;0;0;0]","[0;0;1;0;0;0;0;0;0;0]","[0;0;0;0;0;0;0;0;0;0]","[0;0;0;0;0;0;0;0;0;0]","[0;0;0;0;1;0;0;0;0;0]","[0;0;0;0;0;0;0;0;0;0]","[0;0;0;0;0;0;0;0;0;0]","[0;0;0;0;0;0;0;0;0;0]","[0;0;0;0;0;0;0;0;0;0]","[0;0;0;0;0;0;0;0;0;0]","[0;0;0;0;0;0;0;0;0;0]","[0;0;0;0;0;0;0;0;0;0]","[0;0;0;0;0;0;0;0;0;0]","[0;0;0;0;0;0;0;0;0;0]","[9;0;0;0;0;0;0;0;0;0]","[5;2;3;2;5;2;0;2;3;1]","[7;0;3;0;2;0;1;0;1;1]","[3;0;0;0;1;0;0;0;1;0]","[0;0;0;0;0;0;0;0;0;0]","[0;0;0;0;0;0;0;0;0;0]","[0;0;0;0;0;0;0;0;0;0]","[0;0;0;0;0;0;0;0;0;0]","[0;0;0;0;0;0;0;0;0;0]","[0;0;0;0;1;0;0;0;1;0]","[0;0;0;0;0;0;0;0;0;0]","[0;0;0;0;0;0;0;0;0;0]","[0;0;0;0;0;0;0;0;0;0]","[0;0;0;0;0;0;0;0;0;0]","[0;0;0;0;0;0;0;0;0;0]","[0;0;0;0;0;0;0;0;0;0]","[0;0;0;0;0;0;0;0;0;0]","[0;0;0;0;0;0;0;0;0;0]","[0;0;0;0;0;0;0;0;0;0]","[0;0;0;0;0;0;0;0;0;0]","[0;0;0;0;0;0;0;0;0;0]","[0;0;0;0;0;0;0;0;0;0]","[0;1;0;1;0;1;0;1;0;0]","[0;0;0;0;0;0;0;0;0;0]","[0;0;0;0;0;0;0;0;0;0]","[0;0;1;0;0;0;0;0;0;0]","[0;0;0;0;0;0;0;0;0;0]","[0;0;0;0;0;0;0;0;0;0]","[0;0;0;0;0;0;0;0;0;0]","[0;0;0;0;0;0;0;0;0;0]","[0;0;0;0;0;0;0;0;0;0]","[0;0;0;0;0;0;0;0;0;0]","[0;0;0;0;0;0;0;0;0;0]","[0;0;0;0;0;0;0;0;0;0]","[0;0;0;0;0;0;0;0;0;0]","[0;0;0;0;0;0;0;0;0;0]","[0;0;0;0;0;0;0;0;0;0]"
llvm-link,kernel_durbin,1,3,"%4 = alloca i32, align 4 %5 = alloca ptr, align 8 %6 = alloca ptr, align 8 %7 = alloca [2000 x double], align 16 %8 = alloca double, align 8 %9 = alloca double, align 8 %10 = alloca double, align 8 %11 = alloca i32, align 4 %12 = alloca i32, align 4 store i32 %0, ptr %4, align 4 store ptr %1, ptr %5, align 8 store ptr %2, ptr %6, align 8 %13 = load ptr, ptr %5, align 8, %14 = getelementptr inbounds double, ptr %13, i64 0, %15 = load double, ptr %14, align 8, %16 = fneg double %15, %17 = load ptr, ptr %6, align 8, %18 = getelementptr inbounds double, ptr %17, i64 0, store double %16, ptr %18, align 8, store double 1.000000e+00, ptr %9, align 8, %19 = load ptr, ptr %5, align 8, %20 = getelementptr inbounds double, ptr %19, i64 0, %21 = load double, ptr %20, align 8, %22 = fneg double %21, store double %22, ptr %8, align 8, store i32 1, ptr %12, align 4, br label %23, %24 = load i32, ptr %12, align 4, %25 = load i32, ptr %4, align 4, %26 = icmp slt i32 %24, %25, br i1 %26, label %27, label %120, ret void, ","[27;4;1]","[1;1;0]","[0;0;0]","[0;1;0]","[0;1;0]","[1;2;0]","[0;2;1]","[0;1;2]","[1;2;3]","[14;3;0]","[5;0;0]","[17;2;0]","[0;0;0]","[0;0;0]","[0;0;0]","[0;0;1]","[1;1;0]","[0;0;0]","[0;0;0]","[0;0;0]","[0;0;0]","[0;0;0]","[0;0;0]","[0;0;0]","[0;0;0]","[0;0;0]","[2;0;0]","[0;0;0]","[0;0;0]","[0;0;0]","[0;0;0]","[0;0;0]","[0;0;0]","[0;0;0]","[0;0;0]","[0;0;0]","[0;0;0]","[0;0;0]","[0;0;0]","[0;0;0]","[0;0;0]","[0;0;0]","[0;0;0]","[0;0;0]","[0;0;0]","[9;0;0]","[5;2;0]","[7;0;0]","[3;0;0]","[0;0;0]","[0;0;0]","[0;0;0]","[0;0;0]","[0;0;0]","[0;0;0]","[0;0;0]","[0;0;0]","[0;0;0]","[0;0;0]","[0;0;0]","[0;0;0]","[0;0;0]","[0;0;0]","[0;0;0]","[0;0;0]","[0;0;0]","[0;0;0]","[0;1;0]","[0;0;0]","[0;0;0]","[0;0;0]","[0;0;0]","[0;0;0]","[0;0;0]","[0;0;0]","[0;0;0]","[0;0;0]","[0;0;0]","[0;0;0]","[0;0;0]","[0;0;0]","[0;0;0]"
llvm-link,kernel_durbin,0,3,"%35 = load i32, ptr %11, align 4, %36 = load i32, ptr %12, align 4, %37 = icmp slt i32 %35, %36, br i1 %37, label %38, label %57, %39 = load ptr, ptr %5, align 8, %40 = load i32, ptr %12, align 4, %41 = load i32, ptr %11, align 4, %42 = sub nsw i32 %40, %41, %43 = sub nsw i32 %42, 1, %44 = sext i32 %43 to i64, %45 = getelementptr inbounds double, ptr %39, i64 %44, %46 = load double, ptr %45, align 8, %47 = load ptr, ptr %6, align 8, %48 = load i32, ptr %11, align 4, %49 = sext i32 %48 to i64, %50 = getelementptr inbounds double, ptr %47, i64 %49, %51 = load double, ptr %50, align 8, %52 = load double, ptr %10, align 8, %53 = call double @llvm.fmuladd.f64(double %46, double %51, double %52), store double %53, ptr %10, align 8, br label %54, %55 = load i32, ptr %11, align 4, %56 = add nsw i32 %55, 1, store i32 %56, ptr %11, align 4, br label %34, ","[4;17;4]","[1;1;1]","[0;1;0]","[2;2;2]","[1;1;1]","[2;1;1]","[2;1;1]","[3;4;5]","[4;5;6]","[3;8;3]","[0;4;0]","[2;12;2]","[0;0;0]","[0;0;0]","[0;0;0]","[0;0;0]","[1;1;1]","[0;0;0]","[0;0;0]","[0;0;0]","[0;0;0]","[0;0;0]","[0;0;0]","[0;0;0]","[0;0;0]","[0;0;0]","[0;0;0]","[0;0;1]","[0;0;0]","[0;2;0]","[0;0;0]","[0;0;0]","[0;0;0]","[0;0;0]","[0;0;0]","[0;0;0]","[0;0;0]","[0;0;0]","[0;0;0]","[0;0;0]","[0;0;0]","[0;0;0]","[0;0;0]","[0;0;0]","[0;0;0]","[0;0;0]","[2;8;1]","[0;1;1]","[0;2;0]","[0;0;0]","[0;0;0]","[0;0;0]","[0;0;0]","[0;0;0]","[0;2;0]","[0;0;0]","[0;0;0]","[0;0;0]","[0;0;0]","[0;0;0]","[0;0;0]","[0;0;0]","[0;0;0]","[0;0;0]","[0;0;0]","[0;0;0]","[0;0;0]","[1;0;0]","[0;0;0]","[0;0;0]","[0;1;0]","[0;0;0]","[0;0;0]","[0;0;0]","[0;0;0]","[0;0;0]","[0;0;0]","[0;0;0]","[0;0;0]","[0;0;0]","[0;0;0]","[0;0;0]"
llvm-link,kernel_durbin,1,5,"%35 = load i32, ptr %11, align 4, %36 = load i32, ptr %12, align 4, %37 = icmp slt i32 %35, %36, br i1 %37, label %38, label %57, %58 = load ptr, ptr %5, align 8, %59 = load i32, ptr %12, align 4, %60 = sext i32 %59 to i64, %61 = getelementptr inbounds double, ptr %58, i64 %60, %62 = load double, ptr %61, align 8, %63 = load double, ptr %10, align 8, %64 = fadd double %62, %63, %65 = fneg double %64, %66 = load double, ptr %9, align 8, %67 = fdiv double %65, %66, store double %67, ptr %8, align 8, store i32 0, ptr %11, align 4, br label %68, %69 = load i32, ptr %11, align 4, %70 = load i32, ptr %12, align 4, %71 = icmp slt i32 %69, %70, br i1 %71, label %72, label %94, %73 = load ptr, ptr %6, align 8, %74 = load i32, ptr %11, align 4, %75 = sext i32 %74 to i64, %76 = getelementptr inbounds double, ptr %73, i64 %75, %77 = load double, ptr %76, align 8, %78 = load double, ptr %8, align 8, %79 = load ptr, ptr %6, align 8, %80 = load i32, ptr %12, align 4, %81 = load i32, ptr %11, align 4, %82 = sub nsw i32 %80, %81, %83 = sub nsw i32 %82, 1, %84 = sext i32 %83 to i64, %85 = getelementptr inbounds double, ptr %79, i64 %84, %86 = load double, ptr %85, align 8, %87 = call double @llvm.fmuladd.f64(double %78, double %86, double %77), %88 = load i32, ptr %11, align 4, %89 = sext i32 %88 to i64, %90 = getelementptr inbounds [2000 x double], ptr %7, i64 0, i64 %89, store double %87, ptr %90, align 8, br label %91, %92 = load i32, ptr %11, align 4, %93 = add nsw i32 %92, 1, store i32 %93, ptr %11, align 4, br label %68, ","[4;13;4;20;4]","[1;1;1;1;1]","[0;0;0;1;0]","[2;1;2;2;2]","[1;1;1;1;1]","[2;1;2;1;1]","[2;1;2;1;1]","[3;4;5;6;7]","[4;5;6;7;8]","[3;3;3;11;3]","[0;6;0;4;0]","[2;8;2;14;2]","[0;0;0;0;0]","[0;0;0;0;0]","[0;0;0;0;0]","[0;0;0;0;0]","[1;1;1;1;1]","[0;0;0;0;0]","[0;0;0;0;0]","[0;0;0;0;0]","[0;0;0;0;0]","[0;0;0;0;0]","[0;0;0;0;0]","[0;0;0;0;0]","[0;0;0;0;0]","[0;0;0;0;0]","[0;1;0;0;0]","[0;0;0;0;1]","[0;1;0;0;0]","[0;0;0;2;0]","[0;0;0;0;0]","[0;0;0;0;0]","[0;0;0;0;0]","[0;0;0;0;0]","[0;0;0;0;0]","[0;1;0;0;0]","[0;0;0;0;0]","[0;0;0;0;0]","[0;0;0;0;0]","[0;0;0;0;0]","[0;0;0;0;0]","[0;0;0;0;0]","[0;0;0;0;0]","[0;0;0;0;0]","[0;0;0;0;0]","[0;0;0;0;0]","[2;5;2;9;1]","[0;2;0;1;1]","[0;1;0;3;0]","[0;0;0;0;0]","[0;0;0;0;0]","[0;0;0;0;0]","[0;0;0;0;0]","[0;0;0;0;0]","[0;1;0;3;0]","[0;0;0;0;0]","[0;0;0;0;0]","[0;0;0;0;0]","[0;0;0;0;0]","[0;0;0;0;0]","[0;0;0;0;0]","[0;0;0;0;0]","[0;0;0;0;0]","[0;0;0;0;0]","[0;0;0;0;0]","[0;0;0;0;0]","[0;0;0;0;0]","[1;0;1;0;0]","[0;0;0;0;0]","[0;0;0;0;0]","[0;0;0;1;0]","[0;0;0;0;0]","[0;0;0;0;0]","[0;0;0;0;0]","[0;0;0;0;0]","[0;0;0;0;0]","[0;0;0;0;0]","[0;0;0;0;0]","[0;0;0;0;0]","[0;0;0;0;0]","[0;0;0;0;0]","[0;0;0;0;0]"
llvm-link,kernel_durbin,2,7,"%35 = load i32, ptr %11, align 4, %36 = load i32, ptr %12, align 4, %37 = icmp slt i32 %35, %36, br i1 %37, label %38, label %57, %58 = load ptr, ptr %5, align 8, %59 = load i32, ptr %12, align 4, %60 = sext i32 %59 to i64, %61 = getelementptr inbounds double, ptr %58, i64 %60, %62 = load double, ptr %61, align 8, %63 = load double, ptr %10, align 8, %64 = fadd double %62, %63, %65 = fneg double %64, %66 = load double, ptr %9, align 8, %67 = fdiv double %65, %66, store double %67, ptr %8, align 8, store i32 0, ptr %11, align 4, br label %68, %69 = load i32, ptr %11, align 4, %70 = load i32, ptr %12, align 4, %71 = icmp slt i32 %69, %70, br i1 %71, label %72, label %94, store i32 0, ptr %11, align 4, br label %95, %96 = load i32, ptr %11, align 4, %97 = load i32, ptr %12, align 4, %98 = icmp slt i32 %96, %97, br i1 %98, label %99, label %111, %100 = load i32, ptr %11, align 4, %101 = sext i32 %100 to i64, %102 = getelementptr inbounds [2000 x double], ptr %7, i64 0, i64 %101, %103 = load double, ptr %102, align 8, %104 = load ptr, ptr %6, align 8, %105 = load i32, ptr %11, align 4, %106 = sext i32 %105 to i64, %107 = getelementptr inbounds double, ptr %104, i64 %106, store double %103, ptr %107, align 8, br label %108, %109 = load i32, ptr %11, align 4, %110 = add nsw i32 %109, 1, store i32 %110, ptr %11, align 4, br label %95, ","[4;13;4;2;4;10;4]","[1;1;1;1;1;1;1]","[0;0;0;0;0;0;0]","[2;1;2;1;2;2;2]","[1;1;1;1;1;1;1]","[2;1;2;1;2;1;1]","[2;1;2;1;2;1;1]","[3;4;5;6;7;8;9]","[4;5;6;7;8;9;10]","[3;3;3;1;3;5;3]","[0;6;0;0;0;1;0]","[2;8;2;1;2;7;2]","[0;0;0;0;0;0;0]","[0;0;0;0;0;0;0]","[0;0;0;0;0;0;0]","[0;0;0;0;0;0;0]","[1;1;1;1;1;1;1]","[0;0;0;0;0;0;0]","[0;0;0;0;0;0;0]","[0;0;0;0;0;0;0]","[0;0;0;0;0;0;0]","[0;0;0;0;0;0;0]","[0;0;0;0;0;0;0]","[0;0;0;0;0;0;0]","[0;0;0;0;0;0;0]","[0;0;0;0;0;0;0]","[0;1;0;0;0;0;0]","[0;0;0;0;0;0;1]","[0;1;0;0;0;0;0]","[0;0;0;0;0;0;0]","[0;0;0;0;0;0;0]","[0;0;0;0;0;0;0]","[0;0;0;0;0;0;0]","[0;0;0;0;0;0;0]","[0;0;0;0;0;0;0]","[0;1;0;0;0;0;0]","[0;0;0;0;0;0;0]","[0;0;0;0;0;0;0]","[0;0;0;0;0;0;0]","[0;0;0;0;0;0;0]","[0;0;0;0;0;0;0]","[0;0;0;0;0;0;0]","[0;0;0;0;0;0;0]","[0;0;0;0;0;0;0]","[0;0;0;0;0;0;0]","[0;0;0;0;0;0;0]","[2;5;2;0;2;4;1]","[0;2;0;1;0;1;1]","[0;1;0;0;0;2;0]","[0;0;0;0;0;0;0]","[0;0;0;0;0;0;0]","[0;0;0;0;0;0;0]","[0;0;0;0;0;0;0]","[0;0;0;0;0;0;0]","[0;1;0;0;0;2;0]","[0;0;0;0;0;0;0]","[0;0;0;0;0;0;0]","[0;0;0;0;0;0;0]","[0;0;0;0;0;0;0]","[0;0;0;0;0;0;0]","[0;0;0;0;0;0;0]","[0;0;0;0;0;0;0]","[0;0;0;0;0;0;0]","[0;0;0;0;0;0;0]","[0;0;0;0;0;0;0]","[0;0;0;0;0;0;0]","[0;0;0;0;0;0;0]","[1;0;1;0;1;0;0]","[0;0;0;0;0;0;0]","[0;0;0;0;0;0;0]","[0;0;0;0;0;0;0]","[0;0;0;0;0;0;0]","[0;0;0;0;0;0;0]","[0;0;0;0;0;0;0]","[0;0;0;0;0;0;0]","[0;0;0;0;0;0;0]","[0;0;0;0;0;0;0]","[0;0;0;0;0;0;0]","[0;0;0;0;0;0;0]","[0;0;0;0;0;0;0]","[0;0;0;0;0;0;0]","[0;0;0;0;0;0;0]"
llvm-link,kernel_durbin,3,7,"%35 = load i32, ptr %11, align 4, %36 = load i32, ptr %12, align 4, %37 = icmp slt i32 %35, %36, br i1 %37, label %38, label %57, %58 = load ptr, ptr %5, align 8, %59 = load i32, ptr %12, align 4, %60 = sext i32 %59 to i64, %61 = getelementptr inbounds double, ptr %58, i64 %60, %62 = load double, ptr %61, align 8, %63 = load double, ptr %10, align 8, %64 = fadd double %62, %63, %65 = fneg double %64, %66 = load double, ptr %9, align 8, %67 = fdiv double %65, %66, store double %67, ptr %8, align 8, store i32 0, ptr %11, align 4, br label %68, %69 = load i32, ptr %11, align 4, %70 = load i32, ptr %12, align 4, %71 = icmp slt i32 %69, %70, br i1 %71, label %72, label %94, store i32 0, ptr %11, align 4, br label %95, %96 = load i32, ptr %11, align 4, %97 = load i32, ptr %12, align 4, %98 = icmp slt i32 %96, %97, br i1 %98, label %99, label %111, %112 = load double, ptr %8, align 8, %113 = load ptr, ptr %6, align 8, %114 = load i32, ptr %12, align 4, %115 = sext i32 %114 to i64, %116 = getelementptr inbounds double, ptr %113, i64 %115, store double %112, ptr %116, align 8, br label %117, %118 = load i32, ptr %12, align 4, %119 = add nsw i32 %118, 1, store i32 %119, ptr %12, align 4, br label %23, ","[4;13;4;2;4;7;4]","[1;1;1;1;1;1;1]","[0;0;0;0;0;0;0]","[2;1;2;1;2;1;1]","[1;1;1;1;1;1;1]","[2;1;2;1;2;1;1]","[2;1;2;1;2;1;1]","[3;4;5;6;7;8;9]","[4;5;6;7;8;9;10]","[3;3;3;1;3;2;3]","[0;6;0;0;0;1;0]","[2;8;2;1;2;5;2]","[0;0;0;0;0;0;0]","[0;0;0;0;0;0;0]","[0;0;0;0;0;0;0]","[0;0;0;0;0;0;0]","[1;1;1;1;1;1;1]","[0;0;0;0;0;0;0]","[0;0;0;0;0;0;0]","[0;0;0;0;0;0;0]","[0;0;0;0;0;0;0]","[0;0;0;0;0;0;0]","[0;0;0;0;0;0;0]","[0;0;0;0;0;0;0]","[0;0;0;0;0;0;0]","[0;0;0;0;0;0;0]","[0;1;0;0;0;0;0]","[0;0;0;0;0;0;1]","[0;1;0;0;0;0;0]","[0;0;0;0;0;0;0]","[0;0;0;0;0;0;0]","[0;0;0;0;0;0;0]","[0;0;0;0;0;0;0]","[0;0;0;0;0;0;0]","[0;0;0;0;0;0;0]","[0;1;0;0;0;0;0]","[0;0;0;0;0;0;0]","[0;0;0;0;0;0;0]","[0;0;0;0;0;0;0]","[0;0;0;0;0;0;0]","[0;0;0;0;0;0;0]","[0;0;0;0;0;0;0]","[0;0;0;0;0;0;0]","[0;0;0;0;0;0;0]","[0;0;0;0;0;0;0]","[0;0;0;0;0;0;0]","[2;5;2;0;2;3;1]","[0;2;0;1;0;1;1]","[0;1;0;0;0;1;0]","[0;0;0;0;0;0;0]","[0;0;0;0;0;0;0]","[0;0;0;0;0;0;0]","[0;0;0;0;0;0;0]","[0;0;0;0;0;0;0]","[0;1;0;0;0;1;0]","[0;0;0;0;0;0;0]","[0;0;0;0;0;0;0]","[0;0;0;0;0;0;0]","[0;0;0;0;0;0;0]","[0;0;0;0;0;0;0]","[0;0;0;0;0;0;0]","[0;0;0;0;0;0;0]","[0;0;0;0;0;0;0]","[0;0;0;0;0;0;0]","[0;0;0;0;0;0;0]","[0;0;0;0;0;0;0]","[0;0;0;0;0;0;0]","[1;0;1;0;1;0;0]","[0;0;0;0;0;0;0]","[0;0;0;0;0;0;0]","[0;0;0;0;0;0;0]","[0;0;0;0;0;0;0]","[0;0;0;0;0;0;0]","[0;0;0;0;0;0;0]","[0;0;0;0;0;0;0]","[0;0;0;0;0;0;0]","[0;0;0;0;0;0;0]","[0;0;0;0;0;0;0]","[0;0;0;0;0;0;0]","[0;0;0;0;0;0;0]","[0;0;0;0;0;0;0]","[0;0;0;0;0;0;0]"
llvm-link,kernel_durbin,0,3,"%69 = load i32, ptr %11, align 4, %70 = load i32, ptr %12, align 4, %71 = icmp slt i32 %69, %70, br i1 %71, label %72, label %94, %73 = load ptr, ptr %6, align 8, %74 = load i32, ptr %11, align 4, %75 = sext i32 %74 to i64, %76 = getelementptr inbounds double, ptr %73, i64 %75, %77 = load double, ptr %76, align 8, %78 = load double, ptr %8, align 8, %79 = load ptr, ptr %6, align 8, %80 = load i32, ptr %12, align 4, %81 = load i32, ptr %11, align 4, %82 = sub nsw i32 %80, %81, %83 = sub nsw i32 %82, 1, %84 = sext i32 %83 to i64, %85 = getelementptr inbounds double, ptr %79, i64 %84, %86 = load double, ptr %85, align 8, %87 = call double @llvm.fmuladd.f64(double %78, double %86, double %77), %88 = load i32, ptr %11, align 4, %89 = sext i32 %88 to i64, %90 = getelementptr inbounds [2000 x double], ptr %7, i64 0, i64 %89, store double %87, ptr %90, align 8, br label %91, %92 = load i32, ptr %11, align 4, %93 = add nsw i32 %92, 1, store i32 %93, ptr %11, align 4, br label %68, ","[4;20;4]","[1;1;1]","[0;1;0]","[2;2;2]","[1;1;1]","[2;1;1]","[2;1;1]","[5;6;7]","[6;7;8]","[3;11;3]","[0;4;0]","[2;14;2]","[0;0;0]","[0;0;0]","[0;0;0]","[0;0;0]","[1;1;1]","[0;0;0]","[0;0;0]","[0;0;0]","[0;0;0]","[0;0;0]","[0;0;0]","[0;0;0]","[0;0;0]","[0;0;0]","[0;0;0]","[0;0;1]","[0;0;0]","[0;2;0]","[0;0;0]","[0;0;0]","[0;0;0]","[0;0;0]","[0;0;0]","[0;0;0]","[0;0;0]","[0;0;0]","[0;0;0]","[0;0;0]","[0;0;0]","[0;0;0]","[0;0;0]","[0;0;0]","[0;0;0]","[0;0;0]","[2;9;1]","[0;1;1]","[0;3;0]","[0;0;0]","[0;0;0]","[0;0;0]","[0;0;0]","[0;0;0]","[0;3;0]","[0;0;0]","[0;0;0]","[0;0;0]","[0;0;0]","[0;0;0]","[0;0;0]","[0;0;0]","[0;0;0]","[0;0;0]","[0;0;0]","[0;0;0]","[0;0;0]","[1;0;0]","[0;0;0]","[0;0;0]","[0;1;0]","[0;0;0]","[0;0;0]","[0;0;0]","[0;0;0]","[0;0;0]","[0;0;0]","[0;0;0]","[0;0;0]","[0;0;0]","[0;0;0]","[0;0;0]"
llvm-link,kernel_durbin,1,5,"%69 = load i32, ptr %11, align 4, %70 = load i32, ptr %12, align 4, %71 = icmp slt i32 %69, %70, br i1 %71, label %72, label %94, store i32 0, ptr %11, align 4, br label %95, %96 = load i32, ptr %11, align 4, %97 = load i32, ptr %12, align 4, %98 = icmp slt i32 %96, %97, br i1 %98, label %99, label %111, %100 = load i32, ptr %11, align 4, %101 = sext i32 %100 to i64, %102 = getelementptr inbounds [2000 x double], ptr %7, i64 0, i64 %101, %103 = load double, ptr %102, align 8, %104 = load ptr, ptr %6, align 8, %105 = load i32, ptr %11, align 4, %106 = sext i32 %105 to i64, %107 = getelementptr inbounds double, ptr %104, i64 %106, store double %103, ptr %107, align 8, br label %108, %109 = load i32, ptr %11, align 4, %110 = add nsw i32 %109, 1, store i32 %110, ptr %11, align 4, br label %95, ","[4;2;4;10;4]","[1;1;1;1;1]","[0;0;0;0;0]","[2;1;2;2;2]","[1;1;1;1;1]","[2;1;2;1;1]","[2;1;2;1;1]","[5;6;7;8;9]","[6;7;8;9;10]","[3;1;3;5;3]","[0;0;0;1;0]","[2;1;2;7;2]","[0;0;0;0;0]","[0;0;0;0;0]","[0;0;0;0;0]","[0;0;0;0;0]","[1;1;1;1;1]","[0;0;0;0;0]","[0;0;0;0;0]","[0;0;0;0;0]","[0;0;0;0;0]","[0;0;0;0;0]","[0;0;0;0;0]","[0;0;0;0;0]","[0;0;0;0;0]","[0;0;0;0;0]","[0;0;0;0;0]","[0;0;0;0;1]","[0;0;0;0;0]","[0;0;0;0;0]","[0;0;0;0;0]","[0;0;0;0;0]","[0;0;0;0;0]","[0;0;0;0;0]","[0;0;0;0;0]","[0;0;0;0;0]","[0;0;0;0;0]","[0;0;0;0;0]","[0;0;0;0;0]","[0;0;0;0;0]","[0;0;0;0;0]","[0;0;0;0;0]","[0;0;0;0;0]","[0;0;0;0;0]","[0;0;0;0;0]","[0;0;0;0;0]","[2;0;2;4;1]","[0;1;0;1;1]","[0;0;0;2;0]","[0;0;0;0;0]","[0;0;0;0;0]","[0;0;0;0;0]","[0;0;0;0;0]","[0;0;0;0;0]","[0;0;0;2;0]","[0;0;0;0;0]","[0;0;0;0;0]","[0;0;0;0;0]","[0;0;0;0;0]","[0;0;0;0;0]","[0;0;0;0;0]","[0;0;0;0;0]","[0;0;0;0;0]","[0;0;0;0;0]","[0;0;0;0;0]","[0;0;0;0;0]","[0;0;0;0;0]","[1;0;1;0;0]","[0;0;0;0;0]","[0;0;0;0;0]","[0;0;0;0;0]","[0;0;0;0;0]","[0;0;0;0;0]","[0;0;0;0;0]","[0;0;0;0;0]","[0;0;0;0;0]","[0;0;0;0;0]","[0;0;0;0;0]","[0;0;0;0;0]","[0;0;0;0;0]","[0;0;0;0;0]","[0;0;0;0;0]"
llvm-link,kernel_durbin,2,5,"%69 = load i32, ptr %11, align 4, %70 = load i32, ptr %12, align 4, %71 = icmp slt i32 %69, %70, br i1 %71, label %72, label %94, store i32 0, ptr %11, align 4, br label %95, %96 = load i32, ptr %11, align 4, %97 = load i32, ptr %12, align 4, %98 = icmp slt i32 %96, %97, br i1 %98, label %99, label %111, %112 = load double, ptr %8, align 8, %113 = load ptr, ptr %6, align 8, %114 = load i32, ptr %12, align 4, %115 = sext i32 %114 to i64, %116 = getelementptr inbounds double, ptr %113, i64 %115, store double %112, ptr %116, align 8, br label %117, %118 = load i32, ptr %12, align 4, %119 = add nsw i32 %118, 1, store i32 %119, ptr %12, align 4, br label %23, ","[4;2;4;7;4]","[1;1;1;1;1]","[0;0;0;0;0]","[2;1;2;1;1]","[1;1;1;1;1]","[2;1;2;1;1]","[2;1;2;1;1]","[5;6;7;8;9]","[6;7;8;9;10]","[3;1;3;2;3]","[0;0;0;1;0]","[2;1;2;5;2]","[0;0;0;0;0]","[0;0;0;0;0]","[0;0;0;0;0]","[0;0;0;0;0]","[1;1;1;1;1]","[0;0;0;0;0]","[0;0;0;0;0]","[0;0;0;0;0]","[0;0;0;0;0]","[0;0;0;0;0]","[0;0;0;0;0]","[0;0;0;0;0]","[0;0;0;0;0]","[0;0;0;0;0]","[0;0;0;0;0]","[0;0;0;0;1]","[0;0;0;0;0]","[0;0;0;0;0]","[0;0;0;0;0]","[0;0;0;0;0]","[0;0;0;0;0]","[0;0;0;0;0]","[0;0;0;0;0]","[0;0;0;0;0]","[0;0;0;0;0]","[0;0;0;0;0]","[0;0;0;0;0]","[0;0;0;0;0]","[0;0;0;0;0]","[0;0;0;0;0]","[0;0;0;0;0]","[0;0;0;0;0]","[0;0;0;0;0]","[0;0;0;0;0]","[2;0;2;3;1]","[0;1;0;1;1]","[0;0;0;1;0]","[0;0;0;0;0]","[0;0;0;0;0]","[0;0;0;0;0]","[0;0;0;0;0]","[0;0;0;0;0]","[0;0;0;1;0]","[0;0;0;0;0]","[0;0;0;0;0]","[0;0;0;0;0]","[0;0;0;0;0]","[0;0;0;0;0]","[0;0;0;0;0]","[0;0;0;0;0]","[0;0;0;0;0]","[0;0;0;0;0]","[0;0;0;0;0]","[0;0;0;0;0]","[0;0;0;0;0]","[1;0;1;0;0]","[0;0;0;0;0]","[0;0;0;0;0]","[0;0;0;0;0]","[0;0;0;0;0]","[0;0;0;0;0]","[0;0;0;0;0]","[0;0;0;0;0]","[0;0;0;0;0]","[0;0;0;0;0]","[0;0;0;0;0]","[0;0;0;0;0]","[0;0;0;0;0]","[0;0;0;0;0]","[0;0;0;0;0]"
llvm-link,kernel_durbin,0,3,"%96 = load i32, ptr %11, align 4, %97 = load i32, ptr %12, align 4, %98 = icmp slt i32 %96, %97, br i1 %98, label %99, label %111, %100 = load i32, ptr %11, align 4, %101 = sext i32 %100 to i64, %102 = getelementptr inbounds [2000 x double], ptr %7, i64 0, i64 %101, %103 = load double, ptr %102, align 8, %104 = load ptr, ptr %6, align 8, %105 = load i32, ptr %11, align 4, %106 = sext i32 %105 to i64, %107 = getelementptr inbounds double, ptr %104, i64 %106, store double %103, ptr %107, align 8, br label %108, %109 = load i32, ptr %11, align 4, %110 = add nsw i32 %109, 1, store i32 %110, ptr %11, align 4, br label %95, ","[4;10;4]","[1;1;1]","[0;0;0]","[2;2;2]","[1;1;1]","[2;1;1]","[2;1;1]","[7;8;9]","[8;9;10]","[3;5;3]","[0;1;0]","[2;7;2]","[0;0;0]","[0;0;0]","[0;0;0]","[0;0;0]","[1;1;1]","[0;0;0]","[0;0;0]","[0;0;0]","[0;0;0]","[0;0;0]","[0;0;0]","[0;0;0]","[0;0;0]","[0;0;0]","[0;0;0]","[0;0;1]","[0;0;0]","[0;0;0]","[0;0;0]","[0;0;0]","[0;0;0]","[0;0;0]","[0;0;0]","[0;0;0]","[0;0;0]","[0;0;0]","[0;0;0]","[0;0;0]","[0;0;0]","[0;0;0]","[0;0;0]","[0;0;0]","[0;0;0]","[0;0;0]","[2;4;1]","[0;1;1]","[0;2;0]","[0;0;0]","[0;0;0]","[0;0;0]","[0;0;0]","[0;0;0]","[0;2;0]","[0;0;0]","[0;0;0]","[0;0;0]","[0;0;0]","[0;0;0]","[0;0;0]","[0;0;0]","[0;0;0]","[0;0;0]","[0;0;0]","[0;0;0]","[0;0;0]","[1;0;0]","[0;0;0]","[0;0;0]","[0;0;0]","[0;0;0]","[0;0;0]","[0;0;0]","[0;0;0]","[0;0;0]","[0;0;0]","[0;0;0]","[0;0;0]","[0;0;0]","[0;0;0]","[0;0;0]"
llvm-link,kernel_durbin,1,3,"%96 = load i32, ptr %11, align 4, %97 = load i32, ptr %12, align 4, %98 = icmp slt i32 %96, %97, br i1 %98, label %99, label %111, %112 = load double, ptr %8, align 8, %113 = load ptr, ptr %6, align 8, %114 = load i32, ptr %12, align 4, %115 = sext i32 %114 to i64, %116 = getelementptr inbounds double, ptr %113, i64 %115, store double %112, ptr %116, align 8, br label %117, %118 = load i32, ptr %12, align 4, %119 = add nsw i32 %118, 1, store i32 %119, ptr %12, align 4, br label %23, ","[4;7;4]","[1;1;1]","[0;0;0]","[2;1;1]","[1;1;1]","[2;1;1]","[2;1;1]","[7;8;9]","[8;9;10]","[3;2;3]","[0;1;0]","[2;5;2]","[0;0;0]","[0;0;0]","[0;0;0]","[0;0;0]","[1;1;1]","[0;0;0]","[0;0;0]","[0;0;0]","[0;0;0]","[0;0;0]","[0;0;0]","[0;0;0]","[0;0;0]","[0;0;0]","[0;0;0]","[0;0;1]","[0;0;0]","[0;0;0]","[0;0;0]","[0;0;0]","[0;0;0]","[0;0;0]","[0;0;0]","[0;0;0]","[0;0;0]","[0;0;0]","[0;0;0]","[0;0;0]","[0;0;0]","[0;0;0]","[0;0;0]","[0;0;0]","[0;0;0]","[0;0;0]","[2;3;1]","[0;1;1]","[0;1;0]","[0;0;0]","[0;0;0]","[0;0;0]","[0;0;0]","[0;0;0]","[0;1;0]","[0;0;0]","[0;0;0]","[0;0;0]","[0;0;0]","[0;0;0]","[0;0;0]","[0;0;0]","[0;0;0]","[0;0;0]","[0;0;0]","[0;0;0]","[0;0;0]","[1;0;0]","[0;0;0]","[0;0;0]","[0;0;0]","[0;0;0]","[0;0;0]","[0;0;0]","[0;0;0]","[0;0;0]","[0;0;0]","[0;0;0]","[0;0;0]","[0;0;0]","[0;0;0]","[0;0;0]"
llvm-link,kernel_durbin,0,5,"%24 = load i32, ptr %12, align 4, %25 = load i32, ptr %4, align 4, %26 = icmp slt i32 %24, %25, br i1 %26, label %27, label %120, %28 = load double, ptr %8, align 8, %29 = load double, ptr %8, align 8, %30 = fneg double %28, %31 = call double @llvm.fmuladd.f64(double %30, double %29, double 1.000000e+00), %32 = load double, ptr %9, align 8, %33 = fmul double %31, %32, store double %33, ptr %9, align 8, store double 0.000000e+00, ptr %10, align 8, store i32 0, ptr %11, align 4, br label %34, %35 = load i32, ptr %11, align 4, %36 = load i32, ptr %12, align 4, %37 = icmp slt i32 %35, %36, br i1 %37, label %38, label %57, %39 = load ptr, ptr %5, align 8, %40 = load i32, ptr %12, align 4, %41 = load i32, ptr %11, align 4, %42 = sub nsw i32 %40, %41, %43 = sub nsw i32 %42, 1, %44 = sext i32 %43 to i64, %45 = getelementptr inbounds double, ptr %39, i64 %44, %46 = load double, ptr %45, align 8, %47 = load ptr, ptr %6, align 8, %48 = load i32, ptr %11, align 4, %49 = sext i32 %48 to i64, %50 = getelementptr inbounds double, ptr %47, i64 %49, %51 = load double, ptr %50, align 8, %52 = load double, ptr %10, align 8, %53 = call double @llvm.fmuladd.f64(double %46, double %51, double %52), store double %53, ptr %10, align 8, br label %54, %55 = load i32, ptr %11, align 4, %56 = add nsw i32 %55, 1, store i32 %56, ptr %11, align 4, br label %34, ","[4;10;4;17;4]","[1;1;1;1;1]","[0;1;0;1;0]","[1;1;2;2;2]","[1;1;1;1;1]","[2;1;2;1;1]","[2;1;2;1;1]","[1;2;3;4;5]","[2;3;4;5;6]","[3;1;3;8;3]","[0;8;0;4;0]","[2;7;2;12;2]","[0;0;0;0;0]","[0;0;0;0;0]","[0;0;0;0;0]","[0;0;0;0;0]","[1;1;1;1;1]","[0;0;0;0;0]","[0;0;0;0;0]","[0;0;0;0;0]","[0;0;0;0;0]","[0;0;0;0;0]","[0;0;0;0;0]","[0;0;0;0;0]","[0;0;0;0;0]","[0;0;0;0;0]","[0;1;0;0;0]","[0;0;0;0;1]","[0;0;0;0;0]","[0;0;0;2;0]","[0;0;0;0;0]","[0;0;0;0;0]","[0;1;0;0;0]","[0;0;0;0;0]","[0;0;0;0;0]","[0;0;0;0;0]","[0;0;0;0;0]","[0;0;0;0;0]","[0;0;0;0;0]","[0;0;0;0;0]","[0;0;0;0;0]","[0;0;0;0;0]","[0;0;0;0;0]","[0;0;0;0;0]","[0;0;0;0;0]","[0;0;0;0;0]","[2;3;2;8;1]","[0;3;0;1;1]","[0;0;0;2;0]","[0;0;0;0;0]","[0;0;0;0;0]","[0;0;0;0;0]","[0;0;0;0;0]","[0;0;0;0;0]","[0;0;0;2;0]","[0;0;0;0;0]","[0;0;0;0;0]","[0;0;0;0;0]","[0;0;0;0;0]","[0;0;0;0;0]","[0;0;0;0;0]","[0;0;0;0;0]","[0;0;0;0;0]","[0;0;0;0;0]","[0;0;0;0;0]","[0;0;0;0;0]","[0;0;0;0;0]","[1;0;1;0;0]","[0;0;0;0;0]","[0;0;0;0;0]","[0;1;0;1;0]","[0;0;0;0;0]","[0;0;0;0;0]","[0;0;0;0;0]","[0;0;0;0;0]","[0;0;0;0;0]","[0;0;0;0;0]","[0;0;0;0;0]","[0;0;0;0;0]","[0;0;0;0;0]","[0;0;0;0;0]","[0;0;0;0;0]"
llvm-link,kernel_durbin,1,7,"%24 = load i32, ptr %12, align 4, %25 = load i32, ptr %4, align 4, %26 = icmp slt i32 %24, %25, br i1 %26, label %27, label %120, %28 = load double, ptr %8, align 8, %29 = load double, ptr %8, align 8, %30 = fneg double %28, %31 = call double @llvm.fmuladd.f64(double %30, double %29, double 1.000000e+00), %32 = load double, ptr %9, align 8, %33 = fmul double %31, %32, store double %33, ptr %9, align 8, store double 0.000000e+00, ptr %10, align 8, store i32 0, ptr %11, align 4, br label %34, %35 = load i32, ptr %11, align 4, %36 = load i32, ptr %12, align 4, %37 = icmp slt i32 %35, %36, br i1 %37, label %38, label %57, %58 = load ptr, ptr %5, align 8, %59 = load i32, ptr %12, align 4, %60 = sext i32 %59 to i64, %61 = getelementptr inbounds double, ptr %58, i64 %60, %62 = load double, ptr %61, align 8, %63 = load double, ptr %10, align 8, %64 = fadd double %62, %63, %65 = fneg double %64, %66 = load double, ptr %9, align 8, %67 = fdiv double %65, %66, store double %67, ptr %8, align 8, store i32 0, ptr %11, align 4, br label %68, %69 = load i32, ptr %11, align 4, %70 = load i32, ptr %12, align 4, %71 = icmp slt i32 %69, %70, br i1 %71, label %72, label %94, %73 = load ptr, ptr %6, align 8, %74 = load i32, ptr %11, align 4, %75 = sext i32 %74 to i64, %76 = getelementptr inbounds double, ptr %73, i64 %75, %77 = load double, ptr %76, align 8, %78 = load double, ptr %8, align 8, %79 = load ptr, ptr %6, align 8, %80 = load i32, ptr %12, align 4, %81 = load i32, ptr %11, align 4, %82 = sub nsw i32 %80, %81, %83 = sub nsw i32 %82, 1, %84 = sext i32 %83 to i64, %85 = getelementptr inbounds double, ptr %79, i64 %84, %86 = load double, ptr %85, align 8, %87 = call double @llvm.fmuladd.f64(double %78, double %86, double %77), %88 = load i32, ptr %11, align 4, %89 = sext i32 %88 to i64, %90 = getelementptr inbounds [2000 x double], ptr %7, i64 0, i64 %89, store double %87, ptr %90, align 8, br label %91, %92 = load i32, ptr %11, align 4, %93 = add nsw i32 %92, 1, store i32 %93, ptr %11, align 4, br label %68, ","[4;10;4;13;4;20;4]","[1;1;1;1;1;1;1]","[0;1;0;0;0;1;0]","[1;1;2;1;2;2;2]","[1;1;1;1;1;1;1]","[2;1;2;1;2;1;1]","[2;1;2;1;2;1;1]","[1;2;3;4;5;6;7]","[2;3;4;5;6;7;8]","[3;1;3;3;3;11;3]","[0;8;0;6;0;4;0]","[2;7;2;8;2;14;2]","[0;0;0;0;0;0;0]","[0;0;0;0;0;0;0]","[0;0;0;0;0;0;0]","[0;0;0;0;0;0;0]","[1;1;1;1;1;1;1]","[0;0;0;0;0;0;0]","[0;0;0;0;0;0;0]","[0;0;0;0;0;0;0]","[0;0;0;0;0;0;0]","[0;0;0;0;0;0;0]","[0;0;0;0;0;0;0]","[0;0;0;0;0;0;0]","[0;0;0;0;0;0;0]","[0;0;0;0;0;0;0]","[0;1;0;1;0;0;0]","[0;0;0;0;0;0;1]","[0;0;0;1;0;0;0]","[0;0;0;0;0;2;0]","[0;0;0;0;0;0;0]","[0;0;0;0;0;0;0]","[0;1;0;0;0;0;0]","[0;0;0;0;0;0;0]","[0;0;0;0;0;0;0]","[0;0;0;1;0;0;0]","[0;0;0;0;0;0;0]","[0;0;0;0;0;0;0]","[0;0;0;0;0;0;0]","[0;0;0;0;0;0;0]","[0;0;0;0;0;0;0]","[0;0;0;0;0;0;0]","[0;0;0;0;0;0;0]","[0;0;0;0;0;0;0]","[0;0;0;0;0;0;0]","[0;0;0;0;0;0;0]","[2;3;2;5;2;9;1]","[0;3;0;2;0;1;1]","[0;0;0;1;0;3;0]","[0;0;0;0;0;0;0]","[0;0;0;0;0;0;0]","[0;0;0;0;0;0;0]","[0;0;0;0;0;0;0]","[0;0;0;0;0;0;0]","[0;0;0;1;0;3;0]","[0;0;0;0;0;0;0]","[0;0;0;0;0;0;0]","[0;0;0;0;0;0;0]","[0;0;0;0;0;0;0]","[0;0;0;0;0;0;0]","[0;0;0;0;0;0;0]","[0;0;0;0;0;0;0]","[0;0;0;0;0;0;0]","[0;0;0;0;0;0;0]","[0;0;0;0;0;0;0]","[0;0;0;0;0;0;0]","[0;0;0;0;0;0;0]","[1;0;1;0;1;0;0]","[0;0;0;0;0;0;0]","[0;0;0;0;0;0;0]","[0;1;0;0;0;1;0]","[0;0;0;0;0;0;0]","[0;0;0;0;0;0;0]","[0;0;0;0;0;0;0]","[0;0;0;0;0;0;0]","[0;0;0;0;0;0;0]","[0;0;0;0;0;0;0]","[0;0;0;0;0;0;0]","[0;0;0;0;0;0;0]","[0;0;0;0;0;0;0]","[0;0;0;0;0;0;0]","[0;0;0;0;0;0;0]"
llvm-link,kernel_durbin,2,9,"%24 = load i32, ptr %12, align 4, %25 = load i32, ptr %4, align 4, %26 = icmp slt i32 %24, %25, br i1 %26, label %27, label %120, %28 = load double, ptr %8, align 8, %29 = load double, ptr %8, align 8, %30 = fneg double %28, %31 = call double @llvm.fmuladd.f64(double %30, double %29, double 1.000000e+00), %32 = load double, ptr %9, align 8, %33 = fmul double %31, %32, store double %33, ptr %9, align 8, store double 0.000000e+00, ptr %10, align 8, store i32 0, ptr %11, align 4, br label %34, %35 = load i32, ptr %11, align 4, %36 = load i32, ptr %12, align 4, %37 = icmp slt i32 %35, %36, br i1 %37, label %38, label %57, %58 = load ptr, ptr %5, align 8, %59 = load i32, ptr %12, align 4, %60 = sext i32 %59 to i64, %61 = getelementptr inbounds double, ptr %58, i64 %60, %62 = load double, ptr %61, align 8, %63 = load double, ptr %10, align 8, %64 = fadd double %62, %63, %65 = fneg double %64, %66 = load double, ptr %9, align 8, %67 = fdiv double %65, %66, store double %67, ptr %8, align 8, store i32 0, ptr %11, align 4, br label %68, %69 = load i32, ptr %11, align 4, %70 = load i32, ptr %12, align 4, %71 = icmp slt i32 %69, %70, br i1 %71, label %72, label %94, store i32 0, ptr %11, align 4, br label %95, %96 = load i32, ptr %11, align 4, %97 = load i32, ptr %12, align 4, %98 = icmp slt i32 %96, %97, br i1 %98, label %99, label %111, %100 = load i32, ptr %11, align 4, %101 = sext i32 %100 to i64, %102 = getelementptr inbounds [2000 x double], ptr %7, i64 0, i64 %101, %103 = load double, ptr %102, align 8, %104 = load ptr, ptr %6, align 8, %105 = load i32, ptr %11, align 4, %106 = sext i32 %105 to i64, %107 = getelementptr inbounds double, ptr %104, i64 %106, store double %103, ptr %107, align 8, br label %108, %109 = load i32, ptr %11, align 4, %110 = add nsw i32 %109, 1, store i32 %110, ptr %11, align 4, br label %95, ","[4;10;4;13;4;2;4;10;4]","[1;1;1;1;1;1;1;1;1]","[0;1;0;0;0;0;0;0;0]","[1;1;2;1;2;1;2;2;2]","[1;1;1;1;1;1;1;1;1]","[2;1;2;1;2;1;2;1;1]","[2;1;2;1;2;1;2;1;1]","[1;2;3;4;5;6;7;8;9]","[2;3;4;5;6;7;8;9;10]","[3;1;3;3;3;1;3;5;3]","[0;8;0;6;0;0;0;1;0]","[2;7;2;8;2;1;2;7;2]","[0;0;0;0;0;0;0;0;0]","[0;0;0;0;0;0;0;0;0]","[0;0;0;0;0;0;0;0;0]","[0;0;0;0;0;0;0;0;0]","[1;1;1;1;1;1;1;1;1]","[0;0;0;0;0;0;0;0;0]","[0;0;0;0;0;0;0;0;0]","[0;0;0;0;0;0;0;0;0]","[0;0;0;0;0;0;0;0;0]","[0;0;0;0;0;0;0;0;0]","[0;0;0;0;0;0;0;0;0]","[0;0;0;0;0;0;0;0;0]","[0;0;0;0;0;0;0;0;0]","[0;0;0;0;0;0;0;0;0]","[0;1;0;1;0;0;0;0;0]","[0;0;0;0;0;0;0;0;1]","[0;0;0;1;0;0;0;0;0]","[0;0;0;0;0;0;0;0;0]","[0;0;0;0;0;0;0;0;0]","[0;0;0;0;0;0;0;0;0]","[0;1;0;0;0;0;0;0;0]","[0;0;0;0;0;0;0;0;0]","[0;0;0;0;0;0;0;0;0]","[0;0;0;1;0;0;0;0;0]","[0;0;0;0;0;0;0;0;0]","[0;0;0;0;0;0;0;0;0]","[0;0;0;0;0;0;0;0;0]","[0;0;0;0;0;0;0;0;0]","[0;0;0;0;0;0;0;0;0]","[0;0;0;0;0;0;0;0;0]","[0;0;0;0;0;0;0;0;0]","[0;0;0;0;0;0;0;0;0]","[0;0;0;0;0;0;0;0;0]","[0;0;0;0;0;0;0;0;0]","[2;3;2;5;2;0;2;4;1]","[0;3;0;2;0;1;0;1;1]","[0;0;0;1;0;0;0;2;0]","[0;0;0;0;0;0;0;0;0]","[0;0;0;0;0;0;0;0;0]","[0;0;0;0;0;0;0;0;0]","[0;0;0;0;0;0;0;0;0]","[0;0;0;0;0;0;0;0;0]","[0;0;0;1;0;0;0;2;0]","[0;0;0;0;0;0;0;0;0]","[0;0;0;0;0;0;0;0;0]","[0;0;0;0;0;0;0;0;0]","[0;0;0;0;0;0;0;0;0]","[0;0;0;0;0;0;0;0;0]","[0;0;0;0;0;0;0;0;0]","[0;0;0;0;0;0;0;0;0]","[0;0;0;0;0;0;0;0;0]","[0;0;0;0;0;0;0;0;0]","[0;0;0;0;0;0;0;0;0]","[0;0;0;0;0;0;0;0;0]","[0;0;0;0;0;0;0;0;0]","[1;0;1;0;1;0;1;0;0]","[0;0;0;0;0;0;0;0;0]","[0;0;0;0;0;0;0;0;0]","[0;1;0;0;0;0;0;0;0]","[0;0;0;0;0;0;0;0;0]","[0;0;0;0;0;0;0;0;0]","[0;0;0;0;0;0;0;0;0]","[0;0;0;0;0;0;0;0;0]","[0;0;0;0;0;0;0;0;0]","[0;0;0;0;0;0;0;0;0]","[0;0;0;0;0;0;0;0;0]","[0;0;0;0;0;0;0;0;0]","[0;0;0;0;0;0;0;0;0]","[0;0;0;0;0;0;0;0;0]","[0;0;0;0;0;0;0;0;0]"
llvm-link,kernel_durbin,3,9,"%24 = load i32, ptr %12, align 4, %25 = load i32, ptr %4, align 4, %26 = icmp slt i32 %24, %25, br i1 %26, label %27, label %120, %28 = load double, ptr %8, align 8, %29 = load double, ptr %8, align 8, %30 = fneg double %28, %31 = call double @llvm.fmuladd.f64(double %30, double %29, double 1.000000e+00), %32 = load double, ptr %9, align 8, %33 = fmul double %31, %32, store double %33, ptr %9, align 8, store double 0.000000e+00, ptr %10, align 8, store i32 0, ptr %11, align 4, br label %34, %35 = load i32, ptr %11, align 4, %36 = load i32, ptr %12, align 4, %37 = icmp slt i32 %35, %36, br i1 %37, label %38, label %57, %58 = load ptr, ptr %5, align 8, %59 = load i32, ptr %12, align 4, %60 = sext i32 %59 to i64, %61 = getelementptr inbounds double, ptr %58, i64 %60, %62 = load double, ptr %61, align 8, %63 = load double, ptr %10, align 8, %64 = fadd double %62, %63, %65 = fneg double %64, %66 = load double, ptr %9, align 8, %67 = fdiv double %65, %66, store double %67, ptr %8, align 8, store i32 0, ptr %11, align 4, br label %68, %69 = load i32, ptr %11, align 4, %70 = load i32, ptr %12, align 4, %71 = icmp slt i32 %69, %70, br i1 %71, label %72, label %94, store i32 0, ptr %11, align 4, br label %95, %96 = load i32, ptr %11, align 4, %97 = load i32, ptr %12, align 4, %98 = icmp slt i32 %96, %97, br i1 %98, label %99, label %111, %112 = load double, ptr %8, align 8, %113 = load ptr, ptr %6, align 8, %114 = load i32, ptr %12, align 4, %115 = sext i32 %114 to i64, %116 = getelementptr inbounds double, ptr %113, i64 %115, store double %112, ptr %116, align 8, br label %117, %118 = load i32, ptr %12, align 4, %119 = add nsw i32 %118, 1, store i32 %119, ptr %12, align 4, br label %23, ","[4;10;4;13;4;2;4;7;4]","[1;1;1;1;1;1;1;1;1]","[0;1;0;0;0;0;0;0;0]","[1;1;2;1;2;1;2;1;1]","[1;1;1;1;1;1;1;1;1]","[2;1;2;1;2;1;2;1;1]","[2;1;2;1;2;1;2;1;1]","[1;2;3;4;5;6;7;8;9]","[2;3;4;5;6;7;8;9;10]","[3;1;3;3;3;1;3;2;3]","[0;8;0;6;0;0;0;1;0]","[2;7;2;8;2;1;2;5;2]","[0;0;0;0;0;0;0;0;0]","[0;0;0;0;0;0;0;0;0]","[0;0;0;0;0;0;0;0;0]","[0;0;0;0;0;0;0;0;0]","[1;1;1;1;1;1;1;1;1]","[0;0;0;0;0;0;0;0;0]","[0;0;0;0;0;0;0;0;0]","[0;0;0;0;0;0;0;0;0]","[0;0;0;0;0;0;0;0;0]","[0;0;0;0;0;0;0;0;0]","[0;0;0;0;0;0;0;0;0]","[0;0;0;0;0;0;0;0;0]","[0;0;0;0;0;0;0;0;0]","[0;0;0;0;0;0;0;0;0]","[0;1;0;1;0;0;0;0;0]","[0;0;0;0;0;0;0;0;1]","[0;0;0;1;0;0;0;0;0]","[0;0;0;0;0;0;0;0;0]","[0;0;0;0;0;0;0;0;0]","[0;0;0;0;0;0;0;0;0]","[0;1;0;0;0;0;0;0;0]","[0;0;0;0;0;0;0;0;0]","[0;0;0;0;0;0;0;0;0]","[0;0;0;1;0;0;0;0;0]","[0;0;0;0;0;0;0;0;0]","[0;0;0;0;0;0;0;0;0]","[0;0;0;0;0;0;0;0;0]","[0;0;0;0;0;0;0;0;0]","[0;0;0;0;0;0;0;0;0]","[0;0;0;0;0;0;0;0;0]","[0;0;0;0;0;0;0;0;0]","[0;0;0;0;0;0;0;0;0]","[0;0;0;0;0;0;0;0;0]","[0;0;0;0;0;0;0;0;0]","[2;3;2;5;2;0;2;3;1]","[0;3;0;2;0;1;0;1;1]","[0;0;0;1;0;0;0;1;0]","[0;0;0;0;0;0;0;0;0]","[0;0;0;0;0;0;0;0;0]","[0;0;0;0;0;0;0;0;0]","[0;0;0;0;0;0;0;0;0]","[0;0;0;0;0;0;0;0;0]","[0;0;0;1;0;0;0;1;0]","[0;0;0;0;0;0;0;0;0]","[0;0;0;0;0;0;0;0;0]","[0;0;0;0;0;0;0;0;0]","[0;0;0;0;0;0;0;0;0]","[0;0;0;0;0;0;0;0;0]","[0;0;0;0;0;0;0;0;0]","[0;0;0;0;0;0;0;0;0]","[0;0;0;0;0;0;0;0;0]","[0;0;0;0;0;0;0;0;0]","[0;0;0;0;0;0;0;0;0]","[0;0;0;0;0;0;0;0;0]","[0;0;0;0;0;0;0;0;0]","[1;0;1;0;1;0;1;0;0]","[0;0;0;0;0;0;0;0;0]","[0;0;0;0;0;0;0;0;0]","[0;1;0;0;0;0;0;0;0]","[0;0;0;0;0;0;0;0;0]","[0;0;0;0;0;0;0;0;0]","[0;0;0;0;0;0;0;0;0]","[0;0;0;0;0;0;0;0;0]","[0;0;0;0;0;0;0;0;0]","[0;0;0;0;0;0;0;0;0]","[0;0;0;0;0;0;0;0;0]","[0;0;0;0;0;0;0;0;0]","[0;0;0;0;0;0;0;0;0]","[0;0;0;0;0;0;0;0;0]","[0;0;0;0;0;0;0;0;0]"
llvm-link,kernel_durbin,1,2,"%24 = load i32, ptr %12, align 4, %25 = load i32, ptr %4, align 4, %26 = icmp slt i32 %24, %25, br i1 %26, label %27, label %120, ret void, ","[4;1]","[1;0]","[0;0]","[1;0]","[1;0]","[2;0]","[2;1]","[1;2]","[2;3]","[3;0]","[0;0]","[2;0]","[0;0]","[0;0]","[0;0]","[0;1]","[1;0]","[0;0]","[0;0]","[0;0]","[0;0]","[0;0]","[0;0]","[0;0]","[0;0]","[0;0]","[0;0]","[0;0]","[0;0]","[0;0]","[0;0]","[0;0]","[0;0]","[0;0]","[0;0]","[0;0]","[0;0]","[0;0]","[0;0]","[0;0]","[0;0]","[0;0]","[0;0]","[0;0]","[0;0]","[0;0]","[2;0]","[0;0]","[0;0]","[0;0]","[0;0]","[0;0]","[0;0]","[0;0]","[0;0]","[0;0]","[0;0]","[0;0]","[0;0]","[0;0]","[0;0]","[0;0]","[0;0]","[0;0]","[0;0]","[0;0]","[0;0]","[1;0]","[0;0]","[0;0]","[0;0]","[0;0]","[0;0]","[0;0]","[0;0]","[0;0]","[0;0]","[0;0]","[0;0]","[0;0]","[0;0]","[0;0]"
llvm-link,print_array,0,6,"%3 = alloca i32, align 4 %4 = alloca ptr, align 8 %5 = alloca i32, align 4 store i32 %0, ptr %3, align 4 store ptr %1, ptr %4, align 8 %6 = load ptr, ptr @stderr, align 8, %7 = call i32 (ptr, ptr, ...) @fprintf(ptr noundef %6, ptr noundef @.str.1) #7, %8 = load ptr, ptr @stderr, align 8, %9 = call i32 (ptr, ptr, ...) @fprintf(ptr noundef %8, ptr noundef @.str.2, ptr noundef @.str.3) #7, store i32 0, ptr %5, align 4, br label %10, %11 = load i32, ptr %5, align 4, %12 = load i32, ptr %3, align 4, %13 = icmp slt i32 %11, %12, br i1 %13, label %14, label %32, %15 = load i32, ptr %5, align 4, %16 = srem i32 %15, 20, %17 = icmp eq i32 %16, 0, br i1 %17, label %18, label %21, %19 = load ptr, ptr @stderr, align 8, %20 = call i32 (ptr, ptr, ...) @fprintf(ptr noundef %19, ptr noundef @.str.4) #7, br label %21, %22 = load ptr, ptr @stderr, align 8, %23 = load ptr, ptr %4, align 8, %24 = load i32, ptr %5, align 4, %25 = sext i32 %24 to i64, %26 = getelementptr inbounds double, ptr %23, i64 %25, %27 = load double, ptr %26, align 8, %28 = call i32 (ptr, ptr, ...) @fprintf(ptr noundef %22, ptr noundef @.str.5, double noundef %27) #7, br label %29, %30 = load i32, ptr %5, align 4, %31 = add nsw i32 %30, 1, store i32 %31, ptr %5, align 4, br label %10, ","[11;4;4;3;8;4]","[1;1;1;1;1;1]","[2;0;0;1;1;0]","[0;1;1;1;1;1]","[0;1;1;1;1;1]","[1;2;2;1;1;1]","[0;2;1;1;2;1]","[0;1;2;3;3;4]","[1;2;3;4;4;5]","[5;3;5;0;2;3]","[0;0;0;0;1;0]","[13;2;1;4;8;2]","[0;0;0;0;0;0]","[0;0;0;0;0;0]","[0;0;0;0;0;0]","[0;0;0;0;0;0]","[1;1;1;1;1;1]","[0;0;0;0;0;0]","[0;0;0;0;0;0]","[0;0;0;0;0;0]","[0;0;0;0;0;0]","[0;0;0;0;0;0]","[0;0;0;0;0;0]","[0;0;0;0;0;0]","[0;0;0;0;0;0]","[0;0;0;0;0;0]","[0;0;0;0;0;0]","[0;0;0;0;0;1]","[0;0;0;0;0;0]","[0;0;0;0;0;0]","[0;0;0;0;0;0]","[0;0;0;0;0;0]","[0;0;0;0;0;0]","[0;0;0;0;0;0]","[0;0;0;0;0;0]","[0;0;0;0;0;0]","[0;0;0;0;0;0]","[0;0;1;0;0;0]","[0;0;0;0;0;0]","[0;0;0;0;0;0]","[0;0;0;0;0;0]","[0;0;0;0;0;0]","[0;0;0;0;0;0]","[0;0;0;0;0;0]","[0;0;0;0;0;0]","[3;0;0;0;0;0]","[2;2;1;1;4;1]","[3;0;0;0;0;1]","[0;0;0;0;1;0]","[0;0;0;0;0;0]","[0;0;0;0;0;0]","[0;0;0;0;0;0]","[0;0;0;0;0;0]","[0;0;0;0;0;0]","[0;0;0;0;1;0]","[0;0;0;0;0;0]","[0;0;0;0;0;0]","[0;0;0;0;0;0]","[0;0;0;0;0;0]","[0;0;0;0;0;0]","[0;0;0;0;0;0]","[0;0;0;0;0;0]","[0;0;0;0;0;0]","[0;0;0;0;0;0]","[0;0;0;0;0;0]","[0;0;0;0;0;0]","[0;0;0;0;0;0]","[0;1;1;0;0;0]","[0;0;0;0;0;0]","[0;0;0;0;0;0]","[2;0;0;1;1;0]","[0;0;0;0;0;0]","[0;0;0;0;0;0]","[0;0;0;0;0;0]","[0;0;0;0;0;0]","[0;0;0;0;0;0]","[0;0;0;0;0;0]","[0;0;0;0;0;0]","[0;0;0;0;0;0]","[0;0;0;0;0;0]","[0;0;0;0;0;0]","[0;0;0;0;0;0]"
llvm-link,print_array,1,5,"%3 = alloca i32, align 4 %4 = alloca ptr, align 8 %5 = alloca i32, align 4 store i32 %0, ptr %3, align 4 store ptr %1, ptr %4, align 8 %6 = load ptr, ptr @stderr, align 8, %7 = call i32 (ptr, ptr, ...) @fprintf(ptr noundef %6, ptr noundef @.str.1) #7, %8 = load ptr, ptr @stderr, align 8, %9 = call i32 (ptr, ptr, ...) @fprintf(ptr noundef %8, ptr noundef @.str.2, ptr noundef @.str.3) #7, store i32 0, ptr %5, align 4, br label %10, %11 = load i32, ptr %5, align 4, %12 = load i32, ptr %3, align 4, %13 = icmp slt i32 %11, %12, br i1 %13, label %14, label %32, %15 = load i32, ptr %5, align 4, %16 = srem i32 %15, 20, %17 = icmp eq i32 %16, 0, br i1 %17, label %18, label %21, %22 = load ptr, ptr @stderr, align 8, %23 = load ptr, ptr %4, align 8, %24 = load i32, ptr %5, align 4, %25 = sext i32 %24 to i64, %26 = getelementptr inbounds double, ptr %23, i64 %25, %27 = load double, ptr %26, align 8, %28 = call i32 (ptr, ptr, ...) @fprintf(ptr noundef %22, ptr noundef @.str.5, double noundef %27) #7, br label %29, %30 = load i32, ptr %5, align 4, %31 = add nsw i32 %30, 1, store i32 %31, ptr %5, align 4, br label %10, ","[11;4;4;8;4]","[1;1;1;1;1]","[2;0;0;1;0]","[0;1;1;1;1]","[0;1;1;1;1]","[1;2;2;1;1]","[0;2;1;2;1]","[0;1;2;3;4]","[1;2;3;4;5]","[5;3;5;2;3]","[0;0;0;1;0]","[13;2;1;8;2]","[0;0;0;0;0]","[0;0;0;0;0]","[0;0;0;0;0]","[0;0;0;0;0]","[1;1;1;1;1]","[0;0;0;0;0]","[0;0;0;0;0]","[0;0;0;0;0]","[0;0;0;0;0]","[0;0;0;0;0]","[0;0;0;0;0]","[0;0;0;0;0]","[0;0;0;0;0]","[0;0;0;0;0]","[0;0;0;0;0]","[0;0;0;0;1]","[0;0;0;0;0]","[0;0;0;0;0]","[0;0;0;0;0]","[0;0;0;0;0]","[0;0;0;0;0]","[0;0;0;0;0]","[0;0;0;0;0]","[0;0;0;0;0]","[0;0;0;0;0]","[0;0;1;0;0]","[0;0;0;0;0]","[0;0;0;0;0]","[0;0;0;0;0]","[0;0;0;0;0]","[0;0;0;0;0]","[0;0;0;0;0]","[0;0;0;0;0]","[3;0;0;0;0]","[2;2;1;4;1]","[3;0;0;0;1]","[0;0;0;1;0]","[0;0;0;0;0]","[0;0;0;0;0]","[0;0;0;0;0]","[0;0;0;0;0]","[0;0;0;0;0]","[0;0;0;1;0]","[0;0;0;0;0]","[0;0;0;0;0]","[0;0;0;0;0]","[0;0;0;0;0]","[0;0;0;0;0]","[0;0;0;0;0]","[0;0;0;0;0]","[0;0;0;0;0]","[0;0;0;0;0]","[0;0;0;0;0]","[0;0;0;0;0]","[0;0;0;0;0]","[0;1;1;0;0]","[0;0;0;0;0]","[0;0;0;0;0]","[2;0;0;1;0]","[0;0;0;0;0]","[0;0;0;0;0]","[0;0;0;0;0]","[0;0;0;0;0]","[0;0;0;0;0]","[0;0;0;0;0]","[0;0;0;0;0]","[0;0;0;0;0]","[0;0;0;0;0]","[0;0;0;0;0]","[0;0;0;0;0]"
llvm-link,print_array,1,3,"%3 = alloca i32, align 4 %4 = alloca ptr, align 8 %5 = alloca i32, align 4 store i32 %0, ptr %3, align 4 store ptr %1, ptr %4, align 8 %6 = load ptr, ptr @stderr, align 8, %7 = call i32 (ptr, ptr, ...) @fprintf(ptr noundef %6, ptr noundef @.str.1) #7, %8 = load ptr, ptr @stderr, align 8, %9 = call i32 (ptr, ptr, ...) @fprintf(ptr noundef %8, ptr noundef @.str.2, ptr noundef @.str.3) #7, store i32 0, ptr %5, align 4, br label %10, %11 = load i32, ptr %5, align 4, %12 = load i32, ptr %3, align 4, %13 = icmp slt i32 %11, %12, br i1 %13, label %14, label %32, %33 = load ptr, ptr @stderr, align 8, %34 = call i32 (ptr, ptr, ...) @fprintf(ptr noundef %33, ptr noundef @.str.6, ptr noundef @.str.3) #7, %35 = load ptr, ptr @stderr, align 8, %36 = call i32 (ptr, ptr, ...) @fprintf(ptr noundef %35, ptr noundef @.str.7) #7, ret void, ","[11;4;5]","[1;1;0]","[2;0;2]","[0;1;0]","[0;1;0]","[1;2;0]","[0;2;1]","[0;1;2]","[1;2;3]","[5;3;0]","[0;0;0]","[13;2;9]","[0;0;0]","[0;0;0]","[0;0;0]","[0;0;1]","[1;1;0]","[0;0;0]","[0;0;0]","[0;0;0]","[0;0;0]","[0;0;0]","[0;0;0]","[0;0;0]","[0;0;0]","[0;0;0]","[0;0;0]","[0;0;0]","[0;0;0]","[0;0;0]","[0;0;0]","[0;0;0]","[0;0;0]","[0;0;0]","[0;0;0]","[0;0;0]","[0;0;0]","[0;0;0]","[0;0;0]","[0;0;0]","[0;0;0]","[0;0;0]","[0;0;0]","[0;0;0]","[0;0;0]","[3;0;0]","[2;2;2]","[3;0;0]","[0;0;0]","[0;0;0]","[0;0;0]","[0;0;0]","[0;0;0]","[0;0;0]","[0;0;0]","[0;0;0]","[0;0;0]","[0;0;0]","[0;0;0]","[0;0;0]","[0;0;0]","[0;0;0]","[0;0;0]","[0;0;0]","[0;0;0]","[0;0;0]","[0;0;0]","[0;1;0]","[0;0;0]","[0;0;0]","[2;0;2]","[0;0;0]","[0;0;0]","[0;0;0]","[0;0;0]","[0;0;0]","[0;0;0]","[0;0;0]","[0;0;0]","[0;0;0]","[0;0;0]","[0;0;0]"
llvm-link,print_array,0,5,"%11 = load i32, ptr %5, align 4, %12 = load i32, ptr %3, align 4, %13 = icmp slt i32 %11, %12, br i1 %13, label %14, label %32, %15 = load i32, ptr %5, align 4, %16 = srem i32 %15, 20, %17 = icmp eq i32 %16, 0, br i1 %17, label %18, label %21, %19 = load ptr, ptr @stderr, align 8, %20 = call i32 (ptr, ptr, ...) @fprintf(ptr noundef %19, ptr noundef @.str.4) #7, br label %21, %22 = load ptr, ptr @stderr, align 8, %23 = load ptr, ptr %4, align 8, %24 = load i32, ptr %5, align 4, %25 = sext i32 %24 to i64, %26 = getelementptr inbounds double, ptr %23, i64 %25, %27 = load double, ptr %26, align 8, %28 = call i32 (ptr, ptr, ...) @fprintf(ptr noundef %22, ptr noundef @.str.5, double noundef %27) #7, br label %29, %30 = load i32, ptr %5, align 4, %31 = add nsw i32 %30, 1, store i32 %31, ptr %5, align 4, br label %10, ","[4;4;3;8;4]","[1;1;1;1;1]","[0;0;1;1;0]","[1;1;1;1;1]","[1;1;1;1;1]","[2;2;1;1;1]","[2;1;1;2;1]","[1;2;3;3;4]","[2;3;4;4;5]","[3;5;0;2;3]","[0;0;0;1;0]","[2;1;4;8;2]","[0;0;0;0;0]","[0;0;0;0;0]","[0;0;0;0;0]","[0;0;0;0;0]","[1;1;1;1;1]","[0;0;0;0;0]","[0;0;0;0;0]","[0;0;0;0;0]","[0;0;0;0;0]","[0;0;0;0;0]","[0;0;0;0;0]","[0;0;0;0;0]","[0;0;0;0;0]","[0;0;0;0;0]","[0;0;0;0;0]","[0;0;0;0;1]","[0;0;0;0;0]","[0;0;0;0;0]","[0;0;0;0;0]","[0;0;0;0;0]","[0;0;0;0;0]","[0;0;0;0;0]","[0;0;0;0;0]","[0;0;0;0;0]","[0;0;0;0;0]","[0;1;0;0;0]","[0;0;0;0;0]","[0;0;0;0;0]","[0;0;0;0;0]","[0;0;0;0;0]","[0;0;0;0;0]","[0;0;0;0;0]","[0;0;0;0;0]","[0;0;0;0;0]","[2;1;1;4;1]","[0;0;0;0;1]","[0;0;0;1;0]","[0;0;0;0;0]","[0;0;0;0;0]","[0;0;0;0;0]","[0;0;0;0;0]","[0;0;0;0;0]","[0;0;0;1;0]","[0;0;0;0;0]","[0;0;0;0;0]","[0;0;0;0;0]","[0;0;0;0;0]","[0;0;0;0;0]","[0;0;0;0;0]","[0;0;0;0;0]","[0;0;0;0;0]","[0;0;0;0;0]","[0;0;0;0;0]","[0;0;0;0;0]","[0;0;0;0;0]","[1;1;0;0;0]","[0;0;0;0;0]","[0;0;0;0;0]","[0;0;1;1;0]","[0;0;0;0;0]","[0;0;0;0;0]","[0;0;0;0;0]","[0;0;0;0;0]","[0;0;0;0;0]","[0;0;0;0;0]","[0;0;0;0;0]","[0;0;0;0;0]","[0;0;0;0;0]","[0;0;0;0;0]","[0;0;0;0;0]"
llvm-link,print_array,1,4,"%11 = load i32, ptr %5, align 4, %12 = load i32, ptr %3, align 4, %13 = icmp slt i32 %11, %12, br i1 %13, label %14, label %32, %15 = load i32, ptr %5, align 4, %16 = srem i32 %15, 20, %17 = icmp eq i32 %16, 0, br i1 %17, label %18, label %21, %22 = load ptr, ptr @stderr, align 8, %23 = load ptr, ptr %4, align 8, %24 = load i32, ptr %5, align 4, %25 = sext i32 %24 to i64, %26 = getelementptr inbounds double, ptr %23, i64 %25, %27 = load double, ptr %26, align 8, %28 = call i32 (ptr, ptr, ...) @fprintf(ptr noundef %22, ptr noundef @.str.5, double noundef %27) #7, br label %29, %30 = load i32, ptr %5, align 4, %31 = add nsw i32 %30, 1, store i32 %31, ptr %5, align 4, br label %10, ","[4;4;8;4]","[1;1;1;1]","[0;0;1;0]","[1;1;1;1]","[1;1;1;1]","[2;2;1;1]","[2;1;2;1]","[1;2;3;4]","[2;3;4;5]","[3;5;2;3]","[0;0;1;0]","[2;1;8;2]","[0;0;0;0]","[0;0;0;0]","[0;0;0;0]","[0;0;0;0]","[1;1;1;1]","[0;0;0;0]","[0;0;0;0]","[0;0;0;0]","[0;0;0;0]","[0;0;0;0]","[0;0;0;0]","[0;0;0;0]","[0;0;0;0]","[0;0;0;0]","[0;0;0;0]","[0;0;0;1]","[0;0;0;0]","[0;0;0;0]","[0;0;0;0]","[0;0;0;0]","[0;0;0;0]","[0;0;0;0]","[0;0;0;0]","[0;0;0;0]","[0;0;0;0]","[0;1;0;0]","[0;0;0;0]","[0;0;0;0]","[0;0;0;0]","[0;0;0;0]","[0;0;0;0]","[0;0;0;0]","[0;0;0;0]","[0;0;0;0]","[2;1;4;1]","[0;0;0;1]","[0;0;1;0]","[0;0;0;0]","[0;0;0;0]","[0;0;0;0]","[0;0;0;0]","[0;0;0;0]","[0;0;1;0]","[0;0;0;0]","[0;0;0;0]","[0;0;0;0]","[0;0;0;0]","[0;0;0;0]","[0;0;0;0]","[0;0;0;0]","[0;0;0;0]","[0;0;0;0]","[0;0;0;0]","[0;0;0;0]","[0;0;0;0]","[1;1;0;0]","[0;0;0;0]","[0;0;0;0]","[0;0;1;0]","[0;0;0;0]","[0;0;0;0]","[0;0;0;0]","[0;0;0;0]","[0;0;0;0]","[0;0;0;0]","[0;0;0;0]","[0;0;0;0]","[0;0;0;0]","[0;0;0;0]","[0;0;0;0]"
llvm-link,print_array,1,2,"%11 = load i32, ptr %5, align 4, %12 = load i32, ptr %3, align 4, %13 = icmp slt i32 %11, %12, br i1 %13, label %14, label %32, %33 = load ptr, ptr @stderr, align 8, %34 = call i32 (ptr, ptr, ...) @fprintf(ptr noundef %33, ptr noundef @.str.6, ptr noundef @.str.3) #7, %35 = load ptr, ptr @stderr, align 8, %36 = call i32 (ptr, ptr, ...) @fprintf(ptr noundef %35, ptr noundef @.str.7) #7, ret void, ","[4;5]","[1;0]","[0;2]","[1;0]","[1;0]","[2;0]","[2;1]","[1;2]","[2;3]","[3;0]","[0;0]","[2;9]","[0;0]","[0;0]","[0;0]","[0;1]","[1;0]","[0;0]","[0;0]","[0;0]","[0;0]","[0;0]","[0;0]","[0;0]","[0;0]","[0;0]","[0;0]","[0;0]","[0;0]","[0;0]","[0;0]","[0;0]","[0;0]","[0;0]","[0;0]","[0;0]","[0;0]","[0;0]","[0;0]","[0;0]","[0;0]","[0;0]","[0;0]","[0;0]","[0;0]","[0;0]","[2;2]","[0;0]","[0;0]","[0;0]","[0;0]","[0;0]","[0;0]","[0;0]","[0;0]","[0;0]","[0;0]","[0;0]","[0;0]","[0;0]","[0;0]","[0;0]","[0;0]","[0;0]","[0;0]","[0;0]","[0;0]","[1;0]","[0;0]","[0;0]","[0;2]","[0;0]","[0;0]","[0;0]","[0;0]","[0;0]","[0;0]","[0;0]","[0;0]","[0;0]","[0;0]","[0;0]"
llvm-link,polybench_flush_cache,0,4,"%1 = alloca i32, align 4 %2 = alloca ptr, align 8 %3 = alloca i32, align 4 %4 = alloca double, align 8 store i32 4194560, ptr %1, align 4, %5 = load i32, ptr %1, align 4, %6 = sext i32 %5 to i64, %7 = call noalias ptr @calloc(i64 noundef %6, i64 noundef 8) #7, store ptr %7, ptr %2, align 8, store double 0.000000e+00, ptr %4, align 8, store i32 0, ptr %3, align 4, br label %8, %9 = load i32, ptr %3, align 4, %10 = load i32, ptr %1, align 4, %11 = icmp slt i32 %9, %10, br i1 %11, label %12, label %23, %13 = load ptr, ptr %2, align 8, %14 = load i32, ptr %3, align 4, %15 = sext i32 %14 to i64, %16 = getelementptr inbounds double, ptr %13, i64 %15, %17 = load double, ptr %16, align 8, %18 = load double, ptr %4, align 8, %19 = fadd double %18, %17, store double %19, ptr %4, align 8, br label %20, %21 = load i32, ptr %3, align 4, %22 = add nsw i32 %21, 1, store i32 %22, ptr %3, align 4, br label %8, ","[12;4;9;4]","[1;1;1;1]","[1;0;0;0]","[0;1;1;1]","[0;1;1;1]","[1;2;1;1]","[0;2;1;1]","[0;1;2;3]","[1;2;3;4]","[9;3;2;3]","[1;0;3;0]","[7;2;6;2]","[0;0;0;0]","[0;0;0;0]","[0;0;0;0]","[0;0;0;0]","[1;1;1;1]","[0;0;0;0]","[0;0;0;0]","[0;0;0;0]","[0;0;0;0]","[0;0;0;0]","[0;0;0;0]","[0;0;0;0]","[0;0;0;0]","[0;0;0;0]","[0;0;0;0]","[0;0;0;1]","[0;0;1;0]","[0;0;0;0]","[0;0;0;0]","[0;0;0;0]","[0;0;0;0]","[0;0;0;0]","[0;0;0;0]","[0;0;0;0]","[0;0;0;0]","[0;0;0;0]","[0;0;0;0]","[0;0;0;0]","[0;0;0;0]","[0;0;0;0]","[0;0;0;0]","[0;0;0;0]","[0;0;0;0]","[4;0;0;0]","[1;2;4;1]","[4;0;1;1]","[0;0;1;0]","[0;0;0;0]","[0;0;0;0]","[0;0;0;0]","[0;0;0;0]","[0;0;0;0]","[1;0;1;0]","[0;0;0;0]","[0;0;0;0]","[0;0;0;0]","[0;0;0;0]","[0;0;0;0]","[0;0;0;0]","[0;0;0;0]","[0;0;0;0]","[0;0;0;0]","[0;0;0;0]","[0;0;0;0]","[0;0;0;0]","[0;1;0;0]","[0;0;0;0]","[0;0;0;0]","[1;0;0;0]","[0;0;0;0]","[0;0;0;0]","[0;0;0;0]","[0;0;0;0]","[0;0;0;0]","[0;0;0;0]","[0;0;0;0]","[0;0;0;0]","[0;0;0;0]","[0;0;0;0]","[0;0;0;0]"
llvm-link,polybench_flush_cache,1,5,"%1 = alloca i32, align 4 %2 = alloca ptr, align 8 %3 = alloca i32, align 4 %4 = alloca double, align 8 store i32 4194560, ptr %1, align 4, %5 = load i32, ptr %1, align 4, %6 = sext i32 %5 to i64, %7 = call noalias ptr @calloc(i64 noundef %6, i64 noundef 8) #7, store ptr %7, ptr %2, align 8, store double 0.000000e+00, ptr %4, align 8, store i32 0, ptr %3, align 4, br label %8, %9 = load i32, ptr %3, align 4, %10 = load i32, ptr %1, align 4, %11 = icmp slt i32 %9, %10, br i1 %11, label %12, label %23, %24 = load double, ptr %4, align 8, %25 = fcmp ole double %24, 1.000000e+01, br i1 %25, label %26, label %27, br label %28, %29 = load ptr, ptr %2, align 8, call void @free(ptr noundef %29) #9, ret void, ","[12;4;3;1;3]","[1;1;1;1;0]","[1;0;0;0;1]","[0;1;0;0;0]","[0;1;0;0;0]","[1;2;2;1;0]","[0;2;1;1;1]","[0;1;2;3;4]","[1;2;3;4;5]","[9;3;1;0;0]","[1;0;2;0;0]","[7;2;1;0;3]","[0;0;0;0;0]","[0;0;0;0;0]","[0;0;0;0;0]","[0;0;0;0;1]","[1;1;1;1;0]","[0;0;0;0;0]","[0;0;0;0;0]","[0;0;0;0;0]","[0;0;0;0;0]","[0;0;0;0;0]","[0;0;0;0;0]","[0;0;0;0;0]","[0;0;0;0;0]","[0;0;0;0;0]","[0;0;0;0;0]","[0;0;0;0;0]","[0;0;0;0;0]","[0;0;0;0;0]","[0;0;0;0;0]","[0;0;0;0;0]","[0;0;0;0;0]","[0;0;0;0;0]","[0;0;0;0;0]","[0;0;0;0;0]","[0;0;0;0;0]","[0;0;0;0;0]","[0;0;0;0;0]","[0;0;0;0;0]","[0;0;0;0;0]","[0;0;0;0;0]","[0;0;0;0;0]","[0;0;0;0;0]","[0;0;0;0;0]","[4;0;0;0;0]","[1;2;1;0;1]","[4;0;0;0;0]","[0;0;0;0;0]","[0;0;0;0;0]","[0;0;0;0;0]","[0;0;0;0;0]","[0;0;0;0;0]","[0;0;0;0;0]","[1;0;0;0;0]","[0;0;0;0;0]","[0;0;0;0;0]","[0;0;0;0;0]","[0;0;0;0;0]","[0;0;0;0;0]","[0;0;0;0;0]","[0;0;0;0;0]","[0;0;0;0;0]","[0;0;0;0;0]","[0;0;0;0;0]","[0;0;0;0;0]","[0;0;0;0;0]","[0;1;0;0;0]","[0;0;1;0;0]","[0;0;0;0;0]","[1;0;0;0;1]","[0;0;0;0;0]","[0;0;0;0;0]","[0;0;0;0;0]","[0;0;0;0;0]","[0;0;0;0;0]","[0;0;0;0;0]","[0;0;0;0;0]","[0;0;0;0;0]","[0;0;0;0;0]","[0;0;0;0;0]","[0;0;0;0;0]"
llvm-link,polybench_flush_cache,2,4,"%1 = alloca i32, align 4 %2 = alloca ptr, align 8 %3 = alloca i32, align 4 %4 = alloca double, align 8 store i32 4194560, ptr %1, align 4, %5 = load i32, ptr %1, align 4, %6 = sext i32 %5 to i64, %7 = call noalias ptr @calloc(i64 noundef %6, i64 noundef 8) #7, store ptr %7, ptr %2, align 8, store double 0.000000e+00, ptr %4, align 8, store i32 0, ptr %3, align 4, br label %8, %9 = load i32, ptr %3, align 4, %10 = load i32, ptr %1, align 4, %11 = icmp slt i32 %9, %10, br i1 %11, label %12, label %23, %24 = load double, ptr %4, align 8, %25 = fcmp ole double %24, 1.000000e+01, br i1 %25, label %26, label %27, call void @__assert_fail(ptr noundef @.str.8, ptr noundef @.str.1.9, i32 noundef 123, ptr noundef @__PRETTY_FUNCTION__.polybench_flush_cache) #8, unreachable, ","[12;4;3;2]","[1;1;1;0]","[1;0;0;1]","[0;1;0;0]","[0;1;0;0]","[1;2;2;0]","[0;2;1;1]","[0;1;2;3]","[1;2;3;4]","[9;3;1;1]","[1;0;2;0]","[7;2;1;4]","[0;0;0;0]","[0;0;0;0]","[0;0;0;0]","[0;0;0;0]","[1;1;1;0]","[0;0;0;0]","[0;0;0;0]","[0;0;0;0]","[0;0;0;0]","[0;0;0;1]","[0;0;0;0]","[0;0;0;0]","[0;0;0;0]","[0;0;0;0]","[0;0;0;0]","[0;0;0;0]","[0;0;0;0]","[0;0;0;0]","[0;0;0;0]","[0;0;0;0]","[0;0;0;0]","[0;0;0;0]","[0;0;0;0]","[0;0;0;0]","[0;0;0;0]","[0;0;0;0]","[0;0;0;0]","[0;0;0;0]","[0;0;0;0]","[0;0;0;0]","[0;0;0;0]","[0;0;0;0]","[0;0;0;0]","[4;0;0;0]","[1;2;1;0]","[4;0;0;0]","[0;0;0;0]","[0;0;0;0]","[0;0;0;0]","[0;0;0;0]","[0;0;0;0]","[0;0;0;0]","[1;0;0;0]","[0;0;0;0]","[0;0;0;0]","[0;0;0;0]","[0;0;0;0]","[0;0;0;0]","[0;0;0;0]","[0;0;0;0]","[0;0;0;0]","[0;0;0;0]","[0;0;0;0]","[0;0;0;0]","[0;0;0;0]","[0;1;0;0]","[0;0;1;0]","[0;0;0;0]","[1;0;0;1]","[0;0;0;0]","[0;0;0;0]","[0;0;0;0]","[0;0;0;0]","[0;0;0;0]","[0;0;0;0]","[0;0;0;0]","[0;0;0;0]","[0;0;0;0]","[0;0;0;0]","[0;0;0;0]"
llvm-link,polybench_flush_cache,0,3,"%9 = load i32, ptr %3, align 4, %10 = load i32, ptr %1, align 4, %11 = icmp slt i32 %9, %10, br i1 %11, label %12, label %23, %13 = load ptr, ptr %2, align 8, %14 = load i32, ptr %3, align 4, %15 = sext i32 %14 to i64, %16 = getelementptr inbounds double, ptr %13, i64 %15, %17 = load double, ptr %16, align 8, %18 = load double, ptr %4, align 8, %19 = fadd double %18, %17, store double %19, ptr %4, align 8, br label %20, %21 = load i32, ptr %3, align 4, %22 = add nsw i32 %21, 1, store i32 %22, ptr %3, align 4, br label %8, ","[4;9;4]","[1;1;1]","[0;0;0]","[1;1;1]","[1;1;1]","[2;1;1]","[2;1;1]","[1;2;3]","[2;3;4]","[3;2;3]","[0;3;0]","[2;6;2]","[0;0;0]","[0;0;0]","[0;0;0]","[0;0;0]","[1;1;1]","[0;0;0]","[0;0;0]","[0;0;0]","[0;0;0]","[0;0;0]","[0;0;0]","[0;0;0]","[0;0;0]","[0;0;0]","[0;0;0]","[0;0;1]","[0;1;0]","[0;0;0]","[0;0;0]","[0;0;0]","[0;0;0]","[0;0;0]","[0;0;0]","[0;0;0]","[0;0;0]","[0;0;0]","[0;0;0]","[0;0;0]","[0;0;0]","[0;0;0]","[0;0;0]","[0;0;0]","[0;0;0]","[0;0;0]","[2;4;1]","[0;1;1]","[0;1;0]","[0;0;0]","[0;0;0]","[0;0;0]","[0;0;0]","[0;0;0]","[0;1;0]","[0;0;0]","[0;0;0]","[0;0;0]","[0;0;0]","[0;0;0]","[0;0;0]","[0;0;0]","[0;0;0]","[0;0;0]","[0;0;0]","[0;0;0]","[0;0;0]","[1;0;0]","[0;0;0]","[0;0;0]","[0;0;0]","[0;0;0]","[0;0;0]","[0;0;0]","[0;0;0]","[0;0;0]","[0;0;0]","[0;0;0]","[0;0;0]","[0;0;0]","[0;0;0]","[0;0;0]"
llvm-link,polybench_flush_cache,1,4,"%9 = load i32, ptr %3, align 4, %10 = load i32, ptr %1, align 4, %11 = icmp slt i32 %9, %10, br i1 %11, label %12, label %23, %24 = load double, ptr %4, align 8, %25 = fcmp ole double %24, 1.000000e+01, br i1 %25, label %26, label %27, br label %28, %29 = load ptr, ptr %2, align 8, call void @free(ptr noundef %29) #9, ret void, ","[4;3;1;3]","[1;1;1;0]","[0;0;0;1]","[1;0;0;0]","[1;0;0;0]","[2;2;1;0]","[2;1;1;1]","[1;2;3;4]","[2;3;4;5]","[3;1;0;0]","[0;2;0;0]","[2;1;0;3]","[0;0;0;0]","[0;0;0;0]","[0;0;0;0]","[0;0;0;1]","[1;1;1;0]","[0;0;0;0]","[0;0;0;0]","[0;0;0;0]","[0;0;0;0]","[0;0;0;0]","[0;0;0;0]","[0;0;0;0]","[0;0;0;0]","[0;0;0;0]","[0;0;0;0]","[0;0;0;0]","[0;0;0;0]","[0;0;0;0]","[0;0;0;0]","[0;0;0;0]","[0;0;0;0]","[0;0;0;0]","[0;0;0;0]","[0;0;0;0]","[0;0;0;0]","[0;0;0;0]","[0;0;0;0]","[0;0;0;0]","[0;0;0;0]","[0;0;0;0]","[0;0;0;0]","[0;0;0;0]","[0;0;0;0]","[0;0;0;0]","[2;1;0;1]","[0;0;0;0]","[0;0;0;0]","[0;0;0;0]","[0;0;0;0]","[0;0;0;0]","[0;0;0;0]","[0;0;0;0]","[0;0;0;0]","[0;0;0;0]","[0;0;0;0]","[0;0;0;0]","[0;0;0;0]","[0;0;0;0]","[0;0;0;0]","[0;0;0;0]","[0;0;0;0]","[0;0;0;0]","[0;0;0;0]","[0;0;0;0]","[0;0;0;0]","[1;0;0;0]","[0;1;0;0]","[0;0;0;0]","[0;0;0;1]","[0;0;0;0]","[0;0;0;0]","[0;0;0;0]","[0;0;0;0]","[0;0;0;0]","[0;0;0;0]","[0;0;0;0]","[0;0;0;0]","[0;0;0;0]","[0;0;0;0]","[0;0;0;0]"
llvm-link,polybench_flush_cache,2,3,"%9 = load i32, ptr %3, align 4, %10 = load i32, ptr %1, align 4, %11 = icmp slt i32 %9, %10, br i1 %11, label %12, label %23, %24 = load double, ptr %4, align 8, %25 = fcmp ole double %24, 1.000000e+01, br i1 %25, label %26, label %27, call void @__assert_fail(ptr noundef @.str.8, ptr noundef @.str.1.9, i32 noundef 123, ptr noundef @__PRETTY_FUNCTION__.polybench_flush_cache) #8, unreachable, ","[4;3;2]","[1;1;0]","[0;0;1]","[1;0;0]","[1;0;0]","[2;2;0]","[2;1;1]","[1;2;3]","[2;3;4]","[3;1;1]","[0;2;0]","[2;1;4]","[0;0;0]","[0;0;0]","[0;0;0]","[0;0;0]","[1;1;0]","[0;0;0]","[0;0;0]","[0;0;0]","[0;0;0]","[0;0;1]","[0;0;0]","[0;0;0]","[0;0;0]","[0;0;0]","[0;0;0]","[0;0;0]","[0;0;0]","[0;0;0]","[0;0;0]","[0;0;0]","[0;0;0]","[0;0;0]","[0;0;0]","[0;0;0]","[0;0;0]","[0;0;0]","[0;0;0]","[0;0;0]","[0;0;0]","[0;0;0]","[0;0;0]","[0;0;0]","[0;0;0]","[0;0;0]","[2;1;0]","[0;0;0]","[0;0;0]","[0;0;0]","[0;0;0]","[0;0;0]","[0;0;0]","[0;0;0]","[0;0;0]","[0;0;0]","[0;0;0]","[0;0;0]","[0;0;0]","[0;0;0]","[0;0;0]","[0;0;0]","[0;0;0]","[0;0;0]","[0;0;0]","[0;0;0]","[0;0;0]","[1;0;0]","[0;1;0]","[0;0;0]","[0;0;1]","[0;0;0]","[0;0;0]","[0;0;0]","[0;0;0]","[0;0;0]","[0;0;0]","[0;0;0]","[0;0;0]","[0;0;0]","[0;0;0]","[0;0;0]"
llvm-link,polybench_prepare_instruments,0,1,"call void @polybench_flush_cache(), ret void, ","[2]","[0]","[1]","[0]","[0]","[0]","[0]","[0]","[1]","[0]","[0]","[1]","[0]","[0]","[0]","[1]","[0]","[0]","[0]","[0]","[0]","[0]","[0]","[0]","[0]","[0]","[0]","[0]","[0]","[0]","[0]","[0]","[0]","[0]","[0]","[0]","[0]","[0]","[0]","[0]","[0]","[0]","[0]","[0]","[0]","[0]","[0]","[0]","[0]","[0]","[0]","[0]","[0]","[0]","[0]","[0]","[0]","[0]","[0]","[0]","[0]","[0]","[0]","[0]","[0]","[0]","[0]","[0]","[0]","[0]","[1]","[0]","[0]","[0]","[0]","[0]","[0]","[0]","[0]","[0]","[0]","[0]"
llvm-link,polybench_timer_start,0,1,"call void @polybench_prepare_instruments(), %1 = call double @rtclock(), store double %1, ptr @polybench_t_start, align 8, ret void, ","[4]","[0]","[2]","[0]","[0]","[0]","[0]","[0]","[1]","[0]","[1]","[3]","[0]","[0]","[0]","[1]","[0]","[0]","[0]","[0]","[0]","[0]","[0]","[0]","[0]","[0]","[0]","[0]","[0]","[0]","[0]","[0]","[0]","[0]","[0]","[0]","[0]","[0]","[0]","[0]","[0]","[0]","[0]","[0]","[0]","[0]","[0]","[1]","[0]","[0]","[0]","[0]","[0]","[0]","[0]","[0]","[0]","[0]","[0]","[0]","[0]","[0]","[0]","[0]","[0]","[0]","[0]","[0]","[0]","[0]","[2]","[0]","[0]","[0]","[0]","[0]","[0]","[0]","[0]","[0]","[0]","[0]"
llvm-link,rtclock,0,1,"ret double 0.000000e+00, ","[1]","[0]","[0]","[0]","[0]","[0]","[0]","[0]","[1]","[0]","[1]","[0]","[0]","[0]","[0]","[1]","[0]","[0]","[0]","[0]","[0]","[0]","[0]","[0]","[0]","[0]","[0]","[0]","[0]","[0]","[0]","[0]","[0]","[0]","[0]","[0]","[0]","[0]","[0]","[0]","[0]","[0]","[0]","[0]","[0]","[0]","[0]","[0]","[0]","[0]","[0]","[0]","[0]","[0]","[0]","[0]","[0]","[0]","[0]","[0]","[0]","[0]","[0]","[0]","[0]","[0]","[0]","[0]","[0]","[0]","[0]","[0]","[0]","[0]","[0]","[0]","[0]","[0]","[0]","[0]","[0]","[0]"
llvm-link,polybench_timer_stop,0,1,"%1 = call double @rtclock(), store double %1, ptr @polybench_t_end, align 8, ret void, ","[3]","[0]","[1]","[0]","[0]","[0]","[0]","[0]","[1]","[0]","[1]","[2]","[0]","[0]","[0]","[1]","[0]","[0]","[0]","[0]","[0]","[0]","[0]","[0]","[0]","[0]","[0]","[0]","[0]","[0]","[0]","[0]","[0]","[0]","[0]","[0]","[0]","[0]","[0]","[0]","[0]","[0]","[0]","[0]","[0]","[0]","[0]","[1]","[0]","[0]","[0]","[0]","[0]","[0]","[0]","[0]","[0]","[0]","[0]","[0]","[0]","[0]","[0]","[0]","[0]","[0]","[0]","[0]","[0]","[0]","[1]","[0]","[0]","[0]","[0]","[0]","[0]","[0]","[0]","[0]","[0]","[0]"
llvm-link,polybench_timer_print,0,1,"%1 = load double, ptr @polybench_t_end, align 8, %2 = load double, ptr @polybench_t_start, align 8, %3 = fsub double %1, %2, %4 = call i32 (ptr, ...) @printf(ptr noundef @.str.2.10, double noundef %3), ret void, ","[5]","[0]","[1]","[0]","[0]","[0]","[0]","[0]","[1]","[0]","[3]","[4]","[0]","[0]","[0]","[1]","[0]","[0]","[0]","[0]","[0]","[0]","[0]","[0]","[0]","[0]","[0]","[0]","[0]","[0]","[1]","[0]","[0]","[0]","[0]","[0]","[0]","[0]","[0]","[0]","[0]","[0]","[0]","[0]","[0]","[0]","[2]","[0]","[0]","[0]","[0]","[0]","[0]","[0]","[0]","[0]","[0]","[0]","[0]","[0]","[0]","[0]","[0]","[0]","[0]","[0]","[0]","[0]","[0]","[0]","[1]","[0]","[0]","[0]","[0]","[0]","[0]","[0]","[0]","[0]","[0]","[0]"
llvm-link,polybench_free_data,0,1,"%2 = alloca ptr, align 8 store ptr %0, ptr %2, align 8 %3 = load ptr, ptr %2, align 8, call void @free(ptr noundef %3) #7, ret void, ","[5]","[0]","[1]","[0]","[0]","[0]","[0]","[0]","[1]","[1]","[0]","[5]","[0]","[0]","[0]","[1]","[0]","[0]","[0]","[0]","[0]","[0]","[0]","[0]","[0]","[0]","[0]","[0]","[0]","[0]","[0]","[0]","[0]","[0]","[0]","[0]","[0]","[0]","[0]","[0]","[0]","[0]","[0]","[0]","[0]","[1]","[1]","[1]","[0]","[0]","[0]","[0]","[0]","[0]","[0]","[0]","[0]","[0]","[0]","[0]","[0]","[0]","[0]","[0]","[0]","[0]","[0]","[0]","[0]","[0]","[1]","[0]","[0]","[0]","[0]","[0]","[0]","[0]","[0]","[0]","[0]","[0]"
llvm-link,polybench_alloc_data,0,1,"%3 = alloca i64, align 8 %4 = alloca i32, align 4 %5 = alloca i64, align 8 %6 = alloca ptr, align 8 store i64 %0, ptr %3, align 8 store i32 %1, ptr %4, align 4 %7 = load i64, ptr %3, align 8, store i64 %7, ptr %5, align 8, %8 = load i32, ptr %4, align 4, %9 = sext i32 %8 to i64, %10 = load i64, ptr %5, align 8, %11 = mul i64 %10, %9, store i64 %11, ptr %5, align 8, %12 = load i64, ptr %5, align 8, %13 = call ptr @xmalloc(i64 noundef %12), store ptr %13, ptr %6, align 8, %14 = load ptr, ptr %6, align 8, ret ptr %14, ","[18]","[0]","[1]","[0]","[0]","[0]","[0]","[0]","[1]","[12]","[0]","[13]","[0]","[0]","[0]","[1]","[0]","[0]","[0]","[0]","[0]","[0]","[0]","[0]","[0]","[0]","[0]","[0]","[0]","[0]","[0]","[1]","[0]","[0]","[0]","[0]","[0]","[0]","[0]","[0]","[0]","[0]","[0]","[0]","[0]","[4]","[5]","[5]","[0]","[0]","[0]","[0]","[0]","[0]","[1]","[0]","[0]","[0]","[0]","[0]","[0]","[0]","[0]","[0]","[0]","[0]","[0]","[0]","[0]","[0]","[1]","[0]","[0]","[0]","[0]","[0]","[0]","[0]","[0]","[0]","[0]","[0]"
llvm-link,xmalloc,0,3,"%2 = alloca i64, align 8 %3 = alloca ptr, align 8 %4 = alloca i64, align 8 %5 = alloca i32, align 4 store i64 %0, ptr %2, align 8 store ptr null, ptr %3, align 8, %6 = load i64, ptr @polybench_inter_array_padding_sz, align 8, %7 = add i64 %6, 0, store i64 %7, ptr @polybench_inter_array_padding_sz, align 8, %8 = load i64, ptr %2, align 8, %9 = load i64, ptr @polybench_inter_array_padding_sz, align 8, %10 = add i64 %8, %9, store i64 %10, ptr %4, align 8, %11 = load i64, ptr %4, align 8, %12 = call i32 @posix_memalign(ptr noundef %3, i64 noundef 4096, i64 noundef %11) #7, store i32 %12, ptr %5, align 4, %13 = load ptr, ptr %3, align 8, %14 = icmp ne ptr %13, null, br i1 %14, label %15, label %18, %16 = load i32, ptr %5, align 4, %17 = icmp ne i32 %16, 0, br i1 %17, label %18, label %21, %19 = load ptr, ptr @stderr, align 8, %20 = call i32 (ptr, ptr, ...) @fprintf(ptr noundef %19, ptr noundef @.str.3.13) #7, call void @exit(i32 noundef 1) #8, unreachable, ","[19;3;4]","[1;1;0]","[1;0;2]","[0;0;0]","[0;0;0]","[2;2;0]","[0;1;2]","[0;1;1]","[1;2;2]","[15;3;1]","[0;0;0]","[15;1;5]","[0;0;0]","[0;0;0]","[0;0;0]","[0;0;0]","[1;1;0]","[0;0;0]","[0;0;0]","[0;0;0]","[0;0;0]","[0;0;1]","[0;0;0]","[0;0;0]","[0;0;0]","[0;0;0]","[0;0;0]","[2;0;0]","[0;0;0]","[0;0;0]","[0;0;0]","[0;0;0]","[0;0;0]","[0;0;0]","[0;0;0]","[0;0;0]","[0;0;0]","[0;0;0]","[0;0;0]","[0;0;0]","[0;0;0]","[0;0;0]","[0;0;0]","[0;0;0]","[0;0;0]","[4;0;0]","[5;1;1]","[5;0;0]","[0;0;0]","[0;0;0]","[0;0;0]","[0;0;0]","[0;0;0]","[0;0;0]","[0;0;0]","[0;0;0]","[0;0;0]","[0;0;0]","[0;0;0]","[0;0;0]","[0;0;0]","[0;0;0]","[0;0;0]","[0;0;0]","[0;0;0]","[0;0;0]","[0;0;0]","[1;1;0]","[0;0;0]","[0;0;0]","[1;0;2]","[0;0;0]","[0;0;0]","[0;0;0]","[0;0;0]","[0;0;0]","[0;0;0]","[0;0;0]","[0;0;0]","[0;0;0]","[0;0;0]","[0;0;0]"
llvm-link,xmalloc,1,3,"%2 = alloca i64, align 8 %3 = alloca ptr, align 8 %4 = alloca i64, align 8 %5 = alloca i32, align 4 store i64 %0, ptr %2, align 8 store ptr null, ptr %3, align 8, %6 = load i64, ptr @polybench_inter_array_padding_sz, align 8, %7 = add i64 %6, 0, store i64 %7, ptr @polybench_inter_array_padding_sz, align 8, %8 = load i64, ptr %2, align 8, %9 = load i64, ptr @polybench_inter_array_padding_sz, align 8, %10 = add i64 %8, %9, store i64 %10, ptr %4, align 8, %11 = load i64, ptr %4, align 8, %12 = call i32 @posix_memalign(ptr noundef %3, i64 noundef 4096, i64 noundef %11) #7, store i32 %12, ptr %5, align 4, %13 = load ptr, ptr %3, align 8, %14 = icmp ne ptr %13, null, br i1 %14, label %15, label %18, %16 = load i32, ptr %5, align 4, %17 = icmp ne i32 %16, 0, br i1 %17, label %18, label %21, %22 = load ptr, ptr %3, align 8, ret ptr %22, ","[19;3;2]","[1;1;0]","[1;0;0]","[0;0;0]","[0;0;0]","[2;2;0]","[0;1;1]","[0;1;2]","[1;2;3]","[15;3;0]","[0;0;0]","[15;1;2]","[0;0;0]","[0;0;0]","[0;0;0]","[0;0;1]","[1;1;0]","[0;0;0]","[0;0;0]","[0;0;0]","[0;0;0]","[0;0;0]","[0;0;0]","[0;0;0]","[0;0;0]","[0;0;0]","[0;0;0]","[2;0;0]","[0;0;0]","[0;0;0]","[0;0;0]","[0;0;0]","[0;0;0]","[0;0;0]","[0;0;0]","[0;0;0]","[0;0;0]","[0;0;0]","[0;0;0]","[0;0;0]","[0;0;0]","[0;0;0]","[0;0;0]","[0;0;0]","[0;0;0]","[4;0;0]","[5;1;1]","[5;0;0]","[0;0;0]","[0;0;0]","[0;0;0]","[0;0;0]","[0;0;0]","[0;0;0]","[0;0;0]","[0;0;0]","[0;0;0]","[0;0;0]","[0;0;0]","[0;0;0]","[0;0;0]","[0;0;0]","[0;0;0]","[0;0;0]","[0;0;0]","[0;0;0]","[0;0;0]","[1;1;0]","[0;0;0]","[0;0;0]","[1;0;0]","[0;0;0]","[0;0;0]","[0;0;0]","[0;0;0]","[0;0;0]","[0;0;0]","[0;0;0]","[0;0;0]","[0;0;0]","[0;0;0]","[0;0;0]"
llvm-link,xmalloc,1,2,"%2 = alloca i64, align 8 %3 = alloca ptr, align 8 %4 = alloca i64, align 8 %5 = alloca i32, align 4 store i64 %0, ptr %2, align 8 store ptr null, ptr %3, align 8, %6 = load i64, ptr @polybench_inter_array_padding_sz, align 8, %7 = add i64 %6, 0, store i64 %7, ptr @polybench_inter_array_padding_sz, align 8, %8 = load i64, ptr %2, align 8, %9 = load i64, ptr @polybench_inter_array_padding_sz, align 8, %10 = add i64 %8, %9, store i64 %10, ptr %4, align 8, %11 = load i64, ptr %4, align 8, %12 = call i32 @posix_memalign(ptr noundef %3, i64 noundef 4096, i64 noundef %11) #7, store i32 %12, ptr %5, align 4, %13 = load ptr, ptr %3, align 8, %14 = icmp ne ptr %13, null, br i1 %14, label %15, label %18, %19 = load ptr, ptr @stderr, align 8, %20 = call i32 (ptr, ptr, ...) @fprintf(ptr noundef %19, ptr noundef @.str.3.13) #7, call void @exit(i32 noundef 1) #8, unreachable, ","[19;4]","[1;0]","[1;2]","[0;0]","[0;0]","[2;0]","[0;2]","[0;1]","[1;2]","[15;1]","[0;0]","[15;5]","[0;0]","[0;0]","[0;0]","[0;0]","[1;0]","[0;0]","[0;0]","[0;0]","[0;0]","[0;1]","[0;0]","[0;0]","[0;0]","[0;0]","[0;0]","[2;0]","[0;0]","[0;0]","[0;0]","[0;0]","[0;0]","[0;0]","[0;0]","[0;0]","[0;0]","[0;0]","[0;0]","[0;0]","[0;0]","[0;0]","[0;0]","[0;0]","[0;0]","[4;0]","[5;1]","[5;0]","[0;0]","[0;0]","[0;0]","[0;0]","[0;0]","[0;0]","[0;0]","[0;0]","[0;0]","[0;0]","[0;0]","[0;0]","[0;0]","[0;0]","[0;0]","[0;0]","[0;0]","[0;0]","[0;0]","[1;0]","[0;0]","[0;0]","[1;2]","[0;0]","[0;0]","[0;0]","[0;0]","[0;0]","[0;0]","[0;0]","[0;0]","[0;0]","[0;0]","[0;0]"
